Year,Covar,value,mean,sd,std
1950,PDO_Jeff,-1.56,0.059652174,0.996238285,-1.625767849
1951,PDO_Jeff,-1.544,0.059652174,0.996238285,-1.609707434
1952,PDO_Jeff,-1.012,0.059652174,0.996238285,-1.075698645
1953,PDO_Jeff,-0.496,0.059652174,0.996238285,-0.557750271
1954,PDO_Jeff,-0.682,0.059652174,0.996238285,-0.744452592
1955,PDO_Jeff,-0.472,0.059652174,0.996238285,-0.533659649
1956,PDO_Jeff,-2.722,0.059652174,0.996238285,-2.792155467
1957,PDO_Jeff,-1.172,0.059652174,0.996238285,-1.236302793
1958,PDO_Jeff,0.05,0.059652174,0.996238285,-0.00968862
1959,PDO_Jeff,-0.002,0.059652174,0.996238285,-0.061884968
1960,PDO_Jeff,0.356,0.059652174,0.996238285,0.297466811
1961,PDO_Jeff,0.328,0.059652174,0.996238285,0.269361086
1962,PDO_Jeff,-1.68,0.059652174,0.996238285,-1.746220959
1963,PDO_Jeff,-0.472,0.059652174,0.996238285,-0.533659649
1964,PDO_Jeff,-0.846,0.059652174,0.996238285,-0.909071843
1965,PDO_Jeff,-0.936,0.059652174,0.996238285,-0.999411676
1966,PDO_Jeff,-0.534,0.059652174,0.996238285,-0.595893756
1967,PDO_Jeff,-0.61,0.059652174,0.996238285,-0.672180726
1968,PDO_Jeff,-0.422,0.059652174,0.996238285,-0.483470853
1969,PDO_Jeff,-0.884,0.059652174,0.996238285,-0.947215328
1970,PDO_Jeff,0.78,0.059652174,0.996238285,0.723067801
1971,PDO_Jeff,-1.418,0.059652174,0.996238285,-1.483231669
1972,PDO_Jeff,-1.806,0.059652174,0.996238285,-1.872696725
1973,PDO_Jeff,-0.266,0.059652174,0.996238285,-0.32688181
1974,PDO_Jeff,-1.268,0.059652174,0.996238285,-1.332665281
1975,PDO_Jeff,-0.35,0.059652174,0.996238285,-0.411198987
1976,PDO_Jeff,-1.528,0.059652174,0.996238285,-1.59364702
1977,PDO_Jeff,1.19,0.059652174,0.996238285,1.134615928
1978,PDO_Jeff,0.344,0.059652174,0.996238285,0.2854215
1979,PDO_Jeff,-0.422,0.059652174,0.996238285,-0.483470853
1980,PDO_Jeff,0.472,0.059652174,0.996238285,0.413904818
1981,PDO_Jeff,0.662,0.059652174,0.996238285,0.604622243
1982,PDO_Jeff,0.44,0.059652174,0.996238285,0.381783989
1983,PDO_Jeff,0.764,0.059652174,0.996238285,0.707007386
1984,PDO_Jeff,1.438,0.059652174,0.996238285,1.383552356
1985,PDO_Jeff,0.862,0.059652174,0.996238285,0.805377426
1986,PDO_Jeff,0.908,0.059652174,0.996238285,0.851551119
1987,PDO_Jeff,1.854,0.059652174,0.996238285,1.801123138
1988,PDO_Jeff,1.266,0.059652174,0.996238285,1.210902898
1989,PDO_Jeff,-0.65,0.059652174,0.996238285,-0.712331763
1990,PDO_Jeff,-0.456,0.059652174,0.996238285,-0.517599235
1991,PDO_Jeff,-1.574,0.059652174,0.996238285,-1.639820712
1992,PDO_Jeff,0.308,0.059652174,0.996238285,0.249285567
1993,PDO_Jeff,0.492,0.059652174,0.996238285,0.433980336
1994,PDO_Jeff,0.982,0.059652174,0.996238285,0.925830537
1995,PDO_Jeff,-0.606,0.059652174,0.996238285,-0.668165622
1996,PDO_Jeff,0.446,0.059652174,0.996238285,0.387806644
1997,PDO_Jeff,0.244,0.059652174,0.996238285,0.185043909
1998,PDO_Jeff,1.238,0.059652174,0.996238285,1.182797172
1999,PDO_Jeff,-0.454,0.059652174,0.996238285,-0.515591683
2000,PDO_Jeff,-1.244,0.059652174,0.996238285,-1.308574659
2001,PDO_Jeff,0.266,0.059652174,0.996238285,0.207126979
2002,PDO_Jeff,-0.598,0.059652174,0.996238285,-0.660135415
2003,PDO_Jeff,1.792,0.059652174,0.996238285,1.738889031
2004,PDO_Jeff,0.474,0.059652174,0.996238285,0.41591237
2005,PDO_Jeff,0.362,0.059652174,0.996238285,0.303489467
2006,PDO_Jeff,0.088,0.059652174,0.996238285,0.028454865
2007,PDO_Jeff,-0.078,0.059652174,0.996238285,-0.138171937
2008,PDO_Jeff,-0.828,0.059652174,0.996238285,-0.891003876
2009,PDO_Jeff,-1.332,0.059652174,0.996238285,-1.39690694
2010,PDO_Jeff,0.354,0.059652174,0.996238285,0.29545926
2011,PDO_Jeff,-0.894,0.059652174,0.996238285,-0.957253087
2012,PDO_Jeff,-1.48,0.059652174,0.996238285,-1.545465775
2013,PDO_Jeff,-0.452,0.059652174,0.996238285,-0.513584131
2014,PDO_Jeff,0.226,0.059652174,0.996238285,0.166975942
2015,PDO_Jeff,2.196,0.059652174,0.996238285,2.144414502
2016,PDO_Jeff,1.51,0.059652174,0.996238285,1.455824222
2017,PDO_Jeff,1.052,0.059652174,0.996238285,0.996094851
2018,PDO_Jeff,NA,0.059652174,0.996238285,NA
1950,NPGO,-1.533066667,0.138233913,1.063662031,-1.57127032
1951,NPGO,-0.44246,0.138233913,1.063662031,-0.545938368
1952,NPGO,-1.06646,0.138233913,1.063662031,-1.132590877
1953,NPGO,0.68764,0.138233913,1.063662031,0.516523173
1954,NPGO,1.1597,0.138233913,1.063662031,0.960329557
1955,NPGO,0.12394,0.138233913,1.063662031,-0.013438397
1956,NPGO,-0.11854,0.138233913,1.063662031,-0.241405546
1957,NPGO,-1.11264,0.138233913,1.063662031,-1.176006924
1958,NPGO,-0.6025,0.138233913,1.063662031,-0.696399694
1959,NPGO,-0.40792,0.138233913,1.063662031,-0.513465647
1960,NPGO,0.61462,0.138233913,1.063662031,0.447873547
1961,NPGO,1.2603,0.138233913,1.063662031,1.054908471
1962,NPGO,0.00706,0.138233913,1.063662031,-0.123322925
1963,NPGO,-0.25576,0.138233913,1.063662031,-0.370412689
1964,NPGO,0.58384,0.138233913,1.063662031,0.418935784
1965,NPGO,-0.59888,0.138233913,1.063662031,-0.692996357
1966,NPGO,-0.82968,0.138233913,1.063662031,-0.909982574
1967,NPGO,-0.78976,0.138233913,1.063662031,-0.872451856
1968,NPGO,-0.569,0.138233913,1.063662031,-0.664904728
1969,NPGO,-1.0248,0.138233913,1.063662031,-1.093424301
1970,NPGO,0.03208,0.138233913,1.063662031,-0.099800416
1971,NPGO,0.00524,0.138233913,1.063662031,-0.125033995
1972,NPGO,-0.2957,0.138233913,1.063662031,-0.40796221
1973,NPGO,-0.3885,0.138233913,1.063662031,-0.495207968
1974,NPGO,-0.23794,0.138233913,1.063662031,-0.353659247
1975,NPGO,0.61962,0.138233913,1.063662031,0.452574288
1976,NPGO,1.2588,0.138233913,1.063662031,1.053498249
1977,NPGO,1.57192,0.138233913,1.063662031,1.347877469
1978,NPGO,1.0757,0.138233913,1.063662031,0.881357104
1979,NPGO,-0.55024,0.138233913,1.063662031,-0.647267546
1980,NPGO,-1.16196,0.138233913,1.063662031,-1.222375035
1981,NPGO,-0.48596,0.138233913,1.063662031,-0.586834817
1982,NPGO,-0.08336,0.138233913,1.063662031,-0.20833113
1983,NPGO,0.08168,0.138233913,1.063662031,-0.053169063
1984,NPGO,0.1576,0.138233913,1.063662031,0.018206993
1985,NPGO,0.32108,0.138233913,1.063662031,0.171902429
1986,NPGO,-1.23172,0.138233913,1.063662031,-1.287959778
1987,NPGO,0.15644,0.138233913,1.063662031,0.017116421
1988,NPGO,0.81678,0.138233913,1.063662031,0.637933918
1989,NPGO,0.98032,0.138233913,1.063662031,0.791685763
1990,NPGO,0.03362,0.138233913,1.063662031,-0.098352588
1991,NPGO,-0.8255,0.138233913,1.063662031,-0.906052754
1992,NPGO,-0.2339,0.138233913,1.063662031,-0.349861048
1993,NPGO,-1.96982,0.138233913,1.063662031,-1.981883203
1994,NPGO,-2.13756,0.138233913,1.063662031,-2.139583671
1995,NPGO,-1.36396,0.138233913,1.063662031,-1.412284982
1996,NPGO,-0.58046,0.138233913,1.063662031,-0.675678827
1997,NPGO,-1.16528,0.138233913,1.063662031,-1.225496328
1998,NPGO,0.7512,0.138233913,1.063662031,0.576278996
1999,NPGO,1.3695,0.138233913,1.063662031,1.15757266
2000,NPGO,1.61014,0.138233913,1.063662031,1.383809936
2001,NPGO,2.47726,0.138233913,1.063662031,2.199031289
2002,NPGO,1.94478,0.138233913,1.063662031,1.698421147
2003,NPGO,1.74964,0.138233913,1.063662031,1.514960617
2004,NPGO,0.28502,0.138233913,1.063662031,0.138000683
2005,NPGO,-1.21336,0.138233913,1.063662031,-1.270698656
2006,NPGO,-1.06796,0.138233913,1.063662031,-1.1340011
2007,NPGO,-0.44966,0.138233913,1.063662031,-0.552707435
2008,NPGO,0.85048,0.138233913,1.063662031,0.669616914
2009,NPGO,0.87646,0.138233913,1.063662031,0.694041966
2010,NPGO,1.53456,0.138233913,1.063662031,1.312753531
2011,NPGO,0.76838,0.138233913,1.063662031,0.592430743
2012,NPGO,0.66392,0.138233913,1.063662031,0.494222856
2013,NPGO,1.13574,0.138233913,1.063662031,0.937803605
2014,NPGO,-0.6733,0.138233913,1.063662031,-0.76296219
2015,NPGO,-0.65306,0.138233913,1.063662031,-0.74393359
2016,NPGO,-0.3443,0.138233913,1.063662031,-0.453653415
2017,NPGO,-0.4428,0.138233913,1.063662031,-0.546258018
2018,NPGO,NA,0.138233913,1.063662031,NA
1950,MEI,-1.094083333,0.208311594,0.779767929,-1.670234026
1951,MEI,0.019416667,0.208311594,0.779767929,-0.242245058
1952,MEI,-0.057166667,0.208311594,0.779767929,-0.34045804
1953,MEI,0.336583333,0.208311594,0.779767929,0.164499891
1954,MEI,-0.921083333,0.208311594,0.779767929,-1.448373145
1955,MEI,-1.61225,0.208311594,0.779767929,-2.334747976
1956,MEI,-1.27825,0.208311594,0.779767929,-1.906415407
1957,MEI,0.62725,0.208311594,0.779767929,0.53726037
1958,MEI,0.793666667,0.208311594,0.779767929,0.750678568
1959,MEI,0.13975,0.208311594,0.779767929,-0.08792564
1960,MEI,-0.27225,0.208311594,0.779767929,-0.61628797
1961,MEI,-0.271583333,0.208311594,0.779767929,-0.615433015
1962,MEI,-0.753583333,0.208311594,0.779767929,-1.233565644
1963,MEI,0.051583333,0.208311594,0.779767929,-0.200993469
1964,MEI,-0.775916667,0.208311594,0.779767929,-1.262206644
1965,MEI,0.699166667,0.208311594,0.779767929,0.629488665
1966,MEI,0.261166667,0.208311594,0.779767929,0.067783081
1967,MEI,-0.5875,0.208311594,0.779767929,-1.020574923
1968,MEI,-0.313583333,0.208311594,0.779767929,-0.669295194
1969,MEI,0.552416667,0.208311594,0.779767929,0.441291645
1970,MEI,-0.5255,0.208311594,0.779767929,-0.941064087
1971,MEI,-1.399083333,0.208311594,0.779767929,-2.061376042
1972,MEI,0.86525,0.208311594,0.779767929,0.842479386
1973,MEI,-0.442916667,0.208311594,0.779767929,-0.835156508
1974,MEI,-1.167666667,0.208311594,0.779767929,-1.764599709
1975,MEI,-1.28625,0.208311594,0.779767929,-1.91667487
1976,MEI,-0.097333333,0.208311594,0.779767929,-0.391969092
1977,MEI,0.628333333,0.208311594,0.779767929,0.538649672
1978,MEI,0.124,0.208311594,0.779767929,-0.108123957
1979,MEI,0.530916667,0.208311594,0.779767929,0.413719339
1980,MEI,0.566083333,0.208311594,0.779767929,0.458818228
1981,MEI,0.0835,0.208311594,0.779767929,-0.160062487
1982,MEI,1.106833333,0.208311594,0.779767929,1.152293786
1983,MEI,1.621666667,0.208311594,0.779767929,1.81253296
1984,MEI,-0.112416667,0.208311594,0.779767929,-0.411312455
1985,MEI,-0.384666667,0.208311594,0.779767929,-0.760454795
1986,MEI,0.457333333,0.208311594,0.779767929,0.319353656
1987,MEI,1.68175,0.208311594,0.779767929,1.8895858
1988,MEI,-0.468333333,0.208311594,0.779767929,-0.867751676
1989,MEI,-0.5215,0.208311594,0.779767929,-0.935934356
1990,MEI,0.43075,0.208311594,0.779767929,0.285262317
1991,MEI,0.810916667,0.208311594,0.779767929,0.772800535
1992,MEI,1.316,0.208311594,0.779767929,1.420535988
1993,MEI,1.126833333,0.208311594,0.779767929,1.177942443
1994,MEI,0.765833333,0.208311594,0.779767929,0.714984187
1995,MEI,0.235083333,0.208311594,0.779767929,0.034332957
1996,MEI,-0.291916667,0.208311594,0.779767929,-0.641509149
1997,MEI,1.5705,0.208311594,0.779767929,1.746915146
1998,MEI,0.911916667,0.208311594,0.779767929,0.902326251
1999,MEI,-0.853666667,0.208311594,0.779767929,-1.361915797
2000,MEI,-0.475666667,0.208311594,0.779767929,-0.877156184
2001,MEI,-0.106666667,0.208311594,0.779767929,-0.403938466
2002,MEI,0.658833333,0.208311594,0.779767929,0.577763873
2003,MEI,0.51925,0.208311594,0.779767929,0.398757623
2004,MEI,0.4785,0.208311594,0.779767929,0.346498485
2005,MEI,0.37275,0.208311594,0.779767929,0.210881212
2006,MEI,0.34925,0.208311594,0.779767929,0.18074404
2007,MEI,-0.292416667,0.208311594,0.779767929,-0.642150366
2008,MEI,-0.639166667,0.208311594,0.779767929,-1.086833953
2009,MEI,0.403416667,0.208311594,0.779767929,0.250209152
2010,MEI,-0.336333333,0.208311594,0.779767929,-0.698470541
2011,MEI,-0.89175,0.208311594,0.779767929,-1.410755115
2012,MEI,0.176416667,0.208311594,0.779767929,-0.040903103
2013,MEI,-0.06925,0.208311594,0.779767929,-0.355954104
2014,MEI,0.51075,0.208311594,0.779767929,0.387856944
2015,MEI,1.642166667,0.208311594,0.779767929,1.838822833
2016,MEI,0.926833333,0.208311594,0.779767929,0.921455875
2017,MEI,0.143166667,0.208311594,0.779767929,-0.083543994
2018,MEI,NA,0.208311594,0.779767929,NA
1950,MEIw,-1.12,-0.068478261,1.156850067,-0.908952482
1951,MEIw,-1.09,-0.068478261,1.156850067,-0.883019994
1952,MEIw,0.55,-0.068478261,1.156850067,0.534622661
1953,MEIw,-0.1,-0.068478261,1.156850067,-0.027247904
1954,MEIw,0.27,-0.068478261,1.156850067,0.29258611
1955,MEIw,-0.73,-0.068478261,1.156850067,-0.571830143
1956,MEIw,-1.38,-0.068478261,1.156850067,-1.133700707
1957,MEIw,-0.57,-0.068478261,1.156850067,-0.433523542
1958,MEIw,1.36,-0.068478261,1.156850067,1.234799826
1959,MEIw,0.37,-0.068478261,1.156850067,0.379027735
1960,MEIw,-0.02,-0.068478261,1.156850067,0.041905397
1961,MEIw,-0.07,-0.068478261,1.156850067,-0.001315416
1962,MEIw,-0.27,-0.068478261,1.156850067,-0.174198667
1963,MEIw,-0.41,-0.068478261,1.156850067,-0.295216942
1964,MEIw,0.91,-0.068478261,1.156850067,0.845812512
1965,MEIw,-0.82,-0.068478261,1.156850067,-0.649627606
1966,MEIw,1.29,-0.068478261,1.156850067,1.174290688
1967,MEIw,-0.41,-0.068478261,1.156850067,-0.295216942
1968,MEIw,-0.48,-0.068478261,1.156850067,-0.35572608
1969,MEIw,0.83,-0.068478261,1.156850067,0.776659212
1970,MEIw,0.62,-0.068478261,1.156850067,0.595131798
1971,MEIw,-1.29,-0.068478261,1.156850067,-1.055903245
1972,MEIw,-0.74,-0.068478261,1.156850067,-0.580474305
1973,MEIw,1.9,-0.068478261,1.156850067,1.701584602
1974,MEIw,-2.1,-0.068478261,1.156850067,-1.756080409
1975,MEIw,-0.62,-0.068478261,1.156850067,-0.476744355
1976,MEIw,-1.72,-0.068478261,1.156850067,-1.427602233
1977,MEIw,0.74,-0.068478261,1.156850067,0.698861749
1978,MEIw,0.91,-0.068478261,1.156850067,0.845812512
1979,MEIw,0.06,-0.068478261,1.156850067,0.111058697
1980,MEIw,0.62,-0.068478261,1.156850067,0.595131798
1981,MEIw,-0.05,-0.068478261,1.156850067,0.015972909
1982,MEIw,0.02,-0.068478261,1.156850067,0.076482047
1983,MEIw,2.38,-0.068478261,1.156850067,2.116504404
1984,MEIw,-0.88,-0.068478261,1.156850067,-0.701492581
1985,MEIw,-1.21,-0.068478261,1.156850067,-0.986749944
1986,MEIw,-0.6,-0.068478261,1.156850067,-0.45945603
1987,MEIw,1.09,-0.068478261,1.156850067,1.001407437
1988,MEIw,0.87,-0.068478261,1.156850067,0.811235862
1989,MEIw,-1.97,-0.068478261,1.156850067,-1.643706297
1990,MEIw,-0.06,-0.068478261,1.156850067,0.007328746
1991,MEIw,0.42,-0.068478261,1.156850067,0.422248548
1992,MEIw,1.62,-0.068478261,1.156850067,1.459548051
1993,MEIw,0.16,-0.068478261,1.156850067,0.197500322
1994,MEIw,0.11,-0.068478261,1.156850067,0.154279509
1995,MEIw,1.16,-0.068478261,1.156850067,1.061916575
1996,MEIw,-0.69,-0.068478261,1.156850067,-0.537253493
1997,MEIw,-0.43,-0.068478261,1.156850067,-0.312505267
1998,MEIw,2.36,-0.068478261,1.156850067,2.099216079
1999,MEIw,-1.52,-0.068478261,1.156850067,-1.254718983
2000,MEIw,-1.67,-0.068478261,1.156850067,-1.384381421
2001,MEIw,-0.9,-0.068478261,1.156850067,-0.718780906
2002,MEIw,-0.3,-0.068478261,1.156850067,-0.200131154
2003,MEIw,1.2,-0.068478261,1.156850067,1.096493225
2004,MEIw,0.29,-0.068478261,1.156850067,0.309874435
2005,MEIw,0.64,-0.068478261,1.156850067,0.612420124
2006,MEIw,-0.87,-0.068478261,1.156850067,-0.692848418
2007,MEIw,0.85,-0.068478261,1.156850067,0.793947537
2008,MEIw,-1.7,-0.068478261,1.156850067,-1.410313908
2009,MEIw,-0.95,-0.068478261,1.156850067,-0.762001719
2010,MEIw,1.62,-0.068478261,1.156850067,1.459548051
2011,MEIw,-1.67,-0.068478261,1.156850067,-1.384381421
2012,MEIw,-0.99,-0.068478261,1.156850067,-0.796578369
2013,MEIw,-0.28,-0.068478261,1.156850067,-0.182842829
2014,MEIw,-0.26,-0.068478261,1.156850067,-0.165554504
2015,MEIw,0.68,-0.068478261,1.156850067,0.646996774
2016,MEIw,2.56,-0.068478261,1.156850067,2.272099329
2017,MEIw,1.59,-0.068478261,1.156850067,1.433615564
2018,MEIw,NA,-0.068478261,1.156850067,NA
1950,icecov,NA,0.066486486,1.140395195,NA
1951,icecov,NA,0.066486486,1.140395195,NA
1952,icecov,NA,0.066486486,1.140395195,NA
1953,icecov,NA,0.066486486,1.140395195,NA
1954,icecov,NA,0.066486486,1.140395195,NA
1955,icecov,NA,0.066486486,1.140395195,NA
1956,icecov,NA,0.066486486,1.140395195,NA
1957,icecov,NA,0.066486486,1.140395195,NA
1958,icecov,NA,0.066486486,1.140395195,NA
1959,icecov,NA,0.066486486,1.140395195,NA
1960,icecov,NA,0.066486486,1.140395195,NA
1961,icecov,NA,0.066486486,1.140395195,NA
1962,icecov,NA,0.066486486,1.140395195,NA
1963,icecov,NA,0.066486486,1.140395195,NA
1964,icecov,NA,0.066486486,1.140395195,NA
1965,icecov,NA,0.066486486,1.140395195,NA
1966,icecov,NA,0.066486486,1.140395195,NA
1967,icecov,NA,0.066486486,1.140395195,NA
1968,icecov,NA,0.066486486,1.140395195,NA
1969,icecov,NA,0.066486486,1.140395195,NA
1970,icecov,NA,0.066486486,1.140395195,NA
1971,icecov,NA,0.066486486,1.140395195,NA
1972,icecov,NA,0.066486486,1.140395195,NA
1973,icecov,NA,0.066486486,1.140395195,NA
1974,icecov,NA,0.066486486,1.140395195,NA
1975,icecov,NA,0.066486486,1.140395195,NA
1976,icecov,NA,0.066486486,1.140395195,NA
1977,icecov,NA,0.066486486,1.140395195,NA
1978,icecov,NA,0.066486486,1.140395195,NA
1979,icecov,-1.23,0.066486486,1.140395195,-1.136874736
1980,icecov,1.06,0.066486486,1.140395195,0.871201069
1981,icecov,-1.16,0.066486486,1.140395195,-1.075492506
1982,icecov,0.01,0.066486486,1.140395195,-0.049532379
1983,icecov,-0.48,0.066486486,1.140395195,-0.479207988
1984,icecov,0.01,0.066486486,1.140395195,-0.049532379
1985,icecov,-0.15,0.066486486,1.140395195,-0.189834618
1986,icecov,-0.15,0.066486486,1.140395195,-0.189834618
1987,icecov,-1.26,0.066486486,1.140395195,-1.163181406
1988,icecov,0.04,0.066486486,1.140395195,-0.023225709
1989,icecov,-0.38,0.066486486,1.140395195,-0.391519088
1990,icecov,-0.36,0.066486486,1.140395195,-0.373981308
1991,icecov,0.03,0.066486486,1.140395195,-0.031994599
1992,icecov,0.83,0.066486486,1.140395195,0.6695166
1993,icecov,-0.52,0.066486486,1.140395195,-0.514283547
1994,icecov,-0.5,0.066486486,1.140395195,-0.496745768
1995,icecov,0.57,0.066486486,1.140395195,0.44152546
1996,icecov,-1.04,0.066486486,1.140395195,-0.970265826
1997,icecov,0.47,0.066486486,1.140395195,0.353836561
1998,icecov,0.85,0.066486486,1.140395195,0.68705438
1999,icecov,1.03,0.066486486,1.140395195,0.844894399
2000,icecov,0.76,0.066486486,1.140395195,0.60813437
2001,icecov,-1.26,0.066486486,1.140395195,-1.163181406
2002,icecov,-0.42,0.066486486,1.140395195,-0.426594648
2003,icecov,-1.22,0.066486486,1.140395195,-1.128105846
2004,icecov,-1.06,0.066486486,1.140395195,-0.987803606
2005,icecov,-1.26,0.066486486,1.140395195,-1.163181406
2006,icecov,-0.31,0.066486486,1.140395195,-0.330136858
2007,icecov,0.44,0.066486486,1.140395195,0.327529891
2008,icecov,2.04,0.066486486,1.140395195,1.730552287
2009,icecov,2.31,0.066486486,1.140395195,1.967312317
2010,icecov,2.13,0.066486486,1.140395195,1.809472297
2011,icecov,0.48,0.066486486,1.140395195,0.362605451
2012,icecov,3.11,0.066486486,1.140395195,2.668823515
2013,icecov,1.54,0.066486486,1.140395195,1.292107788
2014,icecov,-1.24,0.066486486,1.140395195,-1.145643626
2015,icecov,-1.25,0.066486486,1.140395195,-1.154412516
2016,icecov,-1.26,0.066486486,1.140395195,-1.163181406
2017,icecov,-0.49,0.066486486,1.140395195,-0.487976878
2018,icecov,NA,0.066486486,1.140395195,NA
1950,orcaCombined,NA,169.0976633,69.77070338,NA
1951,orcaCombined,NA,169.0976633,69.77070338,NA
1952,orcaCombined,NA,169.0976633,69.77070338,NA
1953,orcaCombined,NA,169.0976633,69.77070338,NA
1954,orcaCombined,NA,169.0976633,69.77070338,NA
1955,orcaCombined,NA,169.0976633,69.77070338,NA
1956,orcaCombined,NA,169.0976633,69.77070338,NA
1957,orcaCombined,NA,169.0976633,69.77070338,NA
1958,orcaCombined,NA,169.0976633,69.77070338,NA
1959,orcaCombined,NA,169.0976633,69.77070338,NA
1960,orcaCombined,NA,169.0976633,69.77070338,NA
1961,orcaCombined,NA,169.0976633,69.77070338,NA
1962,orcaCombined,NA,169.0976633,69.77070338,NA
1963,orcaCombined,NA,169.0976633,69.77070338,NA
1964,orcaCombined,NA,169.0976633,69.77070338,NA
1965,orcaCombined,NA,169.0976633,69.77070338,NA
1966,orcaCombined,NA,169.0976633,69.77070338,NA
1967,orcaCombined,NA,169.0976633,69.77070338,NA
1968,orcaCombined,NA,169.0976633,69.77070338,NA
1969,orcaCombined,NA,169.0976633,69.77070338,NA
1970,orcaCombined,71.47537,169.0976633,69.77070338,-1.39918746
1971,orcaCombined,74.84794,169.0976633,69.77070338,-1.35084955
1972,orcaCombined,78.25542,169.0976633,69.77070338,-1.302011286
1973,orcaCombined,81.69866,169.0976633,69.77070338,-1.252660487
1974,orcaCombined,85.17854,169.0976633,69.77070338,-1.202784538
1975,orcaCombined,88.69593,169.0976633,69.77070338,-1.152370972
1976,orcaCombined,92.25176,169.0976633,69.77070338,-1.101406458
1977,orcaCombined,95.84696,169.0976633,69.77070338,-1.049877667
1978,orcaCombined,99.48247,169.0976633,69.77070338,-0.997771126
1979,orcaCombined,103.15929,169.0976633,69.77070338,-0.945072503
1980,orcaCombined,106.87842,169.0976633,69.77070338,-0.891767465
1981,orcaCombined,110.64088,169.0976633,69.77070338,-0.837841392
1982,orcaCombined,114.44773,169.0976633,69.77070338,-0.783279093
1983,orcaCombined,118.30005,169.0976633,69.77070338,-0.728065087
1984,orcaCombined,122.468,169.0976633,69.77070338,-0.668327263
1985,orcaCombined,126.445,169.0976633,69.77070338,-0.611326261
1986,orcaCombined,123.191,169.0976633,69.77070338,-0.657964748
1987,orcaCombined,126.679,169.0976633,69.77070338,-0.607972418
1988,orcaCombined,128.425,169.0976633,69.77070338,-0.582947588
1989,orcaCombined,136.148,169.0976633,69.77070338,-0.472256429
1990,orcaCombined,140.126,169.0976633,69.77070338,-0.415241095
1991,orcaCombined,142.381,169.0976633,69.77070338,-0.382920939
1992,orcaCombined,151.594,169.0976633,69.77070338,-0.250874112
1993,orcaCombined,159.573,169.0976633,69.77070338,-0.136513792
1994,orcaCombined,164.063,169.0976633,69.77070338,-0.072160133
1995,orcaCombined,169.041,169.0976633,69.77070338,-0.000812135
1996,orcaCombined,177.998,169.0976633,69.77070338,0.12756553
1997,orcaCombined,184.956,169.0976633,69.77070338,0.227292201
1998,orcaCombined,191.7,169.0976633,69.77070338,0.323951682
1999,orcaCombined,186.679,169.0976633,69.77070338,0.25198738
2000,orcaCombined,192.913,169.0976633,69.77070338,0.341337203
2001,orcaCombined,206.637,169.0976633,69.77070338,0.538038674
2002,orcaCombined,215.849,169.0976633,69.77070338,0.670071168
2003,orcaCombined,226.551,169.0976633,69.77070338,0.823459331
2004,orcaCombined,237.786,169.0976633,69.77070338,0.984486803
2005,orcaCombined,241.509,169.0976633,69.77070338,1.037847309
2006,orcaCombined,245.8817,169.0976633,69.77070338,1.100519746
2007,orcaCombined,246.7121,169.0976633,69.77070338,1.112421589
2008,orcaCombined,249.5424,169.0976633,69.77070338,1.152987326
2009,orcaCombined,257,169.0976633,69.77070338,1.259874596
2010,orcaCombined,265,169.0976633,69.77070338,1.374535902
2011,orcaCombined,272.49077,169.0976633,69.77070338,1.481898587
2012,orcaCombined,280.20413,169.0976633,69.77070338,1.592451579
2013,orcaCombined,288.00617,169.0976633,69.77070338,1.704275591
2014,orcaCombined,295.89901,169.0976633,69.77070338,1.817401009
2015,orcaCombined,303.88481,169.0976633,69.77070338,1.931858792
2016,orcaCombined,NA,169.0976633,69.77070338,NA
2017,orcaCombined,NA,169.0976633,69.77070338,NA
2018,orcaCombined,NA,169.0976633,69.77070338,NA
1950,chascoSEAK,NA,0.028780488,0.018734343,NA
1951,chascoSEAK,NA,0.028780488,0.018734343,NA
1952,chascoSEAK,NA,0.028780488,0.018734343,NA
1953,chascoSEAK,NA,0.028780488,0.018734343,NA
1954,chascoSEAK,NA,0.028780488,0.018734343,NA
1955,chascoSEAK,NA,0.028780488,0.018734343,NA
1956,chascoSEAK,NA,0.028780488,0.018734343,NA
1957,chascoSEAK,NA,0.028780488,0.018734343,NA
1958,chascoSEAK,NA,0.028780488,0.018734343,NA
1959,chascoSEAK,NA,0.028780488,0.018734343,NA
1960,chascoSEAK,NA,0.028780488,0.018734343,NA
1961,chascoSEAK,NA,0.028780488,0.018734343,NA
1962,chascoSEAK,NA,0.028780488,0.018734343,NA
1963,chascoSEAK,NA,0.028780488,0.018734343,NA
1964,chascoSEAK,NA,0.028780488,0.018734343,NA
1965,chascoSEAK,NA,0.028780488,0.018734343,NA
1966,chascoSEAK,NA,0.028780488,0.018734343,NA
1967,chascoSEAK,NA,0.028780488,0.018734343,NA
1968,chascoSEAK,NA,0.028780488,0.018734343,NA
1969,chascoSEAK,NA,0.028780488,0.018734343,NA
1970,chascoSEAK,NA,0.028780488,0.018734343,NA
1971,chascoSEAK,NA,0.028780488,0.018734343,NA
1972,chascoSEAK,NA,0.028780488,0.018734343,NA
1973,chascoSEAK,NA,0.028780488,0.018734343,NA
1974,chascoSEAK,NA,0.028780488,0.018734343,NA
1975,chascoSEAK,0.01,0.028780488,0.018734343,-1.00246311
1976,chascoSEAK,0.01,0.028780488,0.018734343,-1.00246311
1977,chascoSEAK,0.01,0.028780488,0.018734343,-1.00246311
1978,chascoSEAK,0.01,0.028780488,0.018734343,-1.00246311
1979,chascoSEAK,0.01,0.028780488,0.018734343,-1.00246311
1980,chascoSEAK,0.01,0.028780488,0.018734343,-1.00246311
1981,chascoSEAK,0.01,0.028780488,0.018734343,-1.00246311
1982,chascoSEAK,0.01,0.028780488,0.018734343,-1.00246311
1983,chascoSEAK,0.01,0.028780488,0.018734343,-1.00246311
1984,chascoSEAK,0.01,0.028780488,0.018734343,-1.00246311
1985,chascoSEAK,0.01,0.028780488,0.018734343,-1.00246311
1986,chascoSEAK,0.01,0.028780488,0.018734343,-1.00246311
1987,chascoSEAK,0.01,0.028780488,0.018734343,-1.00246311
1988,chascoSEAK,0.01,0.028780488,0.018734343,-1.00246311
1989,chascoSEAK,0.02,0.028780488,0.018734343,-0.468684051
1990,chascoSEAK,0.02,0.028780488,0.018734343,-0.468684051
1991,chascoSEAK,0.02,0.028780488,0.018734343,-0.468684051
1992,chascoSEAK,0.02,0.028780488,0.018734343,-0.468684051
1993,chascoSEAK,0.02,0.028780488,0.018734343,-0.468684051
1994,chascoSEAK,0.02,0.028780488,0.018734343,-0.468684051
1995,chascoSEAK,0.03,0.028780488,0.018734343,0.065095007
1996,chascoSEAK,0.03,0.028780488,0.018734343,0.065095007
1997,chascoSEAK,0.03,0.028780488,0.018734343,0.065095007
1998,chascoSEAK,0.03,0.028780488,0.018734343,0.065095007
1999,chascoSEAK,0.03,0.028780488,0.018734343,0.065095007
2000,chascoSEAK,0.03,0.028780488,0.018734343,0.065095007
2001,chascoSEAK,0.03,0.028780488,0.018734343,0.065095007
2002,chascoSEAK,0.04,0.028780488,0.018734343,0.598874066
2003,chascoSEAK,0.04,0.028780488,0.018734343,0.598874066
2004,chascoSEAK,0.04,0.028780488,0.018734343,0.598874066
2005,chascoSEAK,0.04,0.028780488,0.018734343,0.598874066
2006,chascoSEAK,0.04,0.028780488,0.018734343,0.598874066
2007,chascoSEAK,0.04,0.028780488,0.018734343,0.598874066
2008,chascoSEAK,0.04,0.028780488,0.018734343,0.598874066
2009,chascoSEAK,0.06,0.028780488,0.018734343,1.666432183
2010,chascoSEAK,0.07,0.028780488,0.018734343,2.200211242
2011,chascoSEAK,0.07,0.028780488,0.018734343,2.200211242
2012,chascoSEAK,0.06,0.028780488,0.018734343,1.666432183
2013,chascoSEAK,0.06,0.028780488,0.018734343,1.666432183
2014,chascoSEAK,0.05,0.028780488,0.018734343,1.132653124
2015,chascoSEAK,0.06,0.028780488,0.018734343,1.666432183
2016,chascoSEAK,NA,0.028780488,0.018734343,NA
2017,chascoSEAK,NA,0.028780488,0.018734343,NA
2018,chascoSEAK,NA,0.028780488,0.018734343,NA
1950,chascoGOA,NA,0.216097561,0.066890883,NA
1951,chascoGOA,NA,0.216097561,0.066890883,NA
1952,chascoGOA,NA,0.216097561,0.066890883,NA
1953,chascoGOA,NA,0.216097561,0.066890883,NA
1954,chascoGOA,NA,0.216097561,0.066890883,NA
1955,chascoGOA,NA,0.216097561,0.066890883,NA
1956,chascoGOA,NA,0.216097561,0.066890883,NA
1957,chascoGOA,NA,0.216097561,0.066890883,NA
1958,chascoGOA,NA,0.216097561,0.066890883,NA
1959,chascoGOA,NA,0.216097561,0.066890883,NA
1960,chascoGOA,NA,0.216097561,0.066890883,NA
1961,chascoGOA,NA,0.216097561,0.066890883,NA
1962,chascoGOA,NA,0.216097561,0.066890883,NA
1963,chascoGOA,NA,0.216097561,0.066890883,NA
1964,chascoGOA,NA,0.216097561,0.066890883,NA
1965,chascoGOA,NA,0.216097561,0.066890883,NA
1966,chascoGOA,NA,0.216097561,0.066890883,NA
1967,chascoGOA,NA,0.216097561,0.066890883,NA
1968,chascoGOA,NA,0.216097561,0.066890883,NA
1969,chascoGOA,NA,0.216097561,0.066890883,NA
1970,chascoGOA,NA,0.216097561,0.066890883,NA
1971,chascoGOA,NA,0.216097561,0.066890883,NA
1972,chascoGOA,NA,0.216097561,0.066890883,NA
1973,chascoGOA,NA,0.216097561,0.066890883,NA
1974,chascoGOA,NA,0.216097561,0.066890883,NA
1975,chascoGOA,0.16,0.216097561,0.066890883,-0.838642852
1976,chascoGOA,0.16,0.216097561,0.066890883,-0.838642852
1977,chascoGOA,0.16,0.216097561,0.066890883,-0.838642852
1978,chascoGOA,0.16,0.216097561,0.066890883,-0.838642852
1979,chascoGOA,0.16,0.216097561,0.066890883,-0.838642852
1980,chascoGOA,0.16,0.216097561,0.066890883,-0.838642852
1981,chascoGOA,0.16,0.216097561,0.066890883,-0.838642852
1982,chascoGOA,0.16,0.216097561,0.066890883,-0.838642852
1983,chascoGOA,0.15,0.216097561,0.066890883,-0.988140056
1984,chascoGOA,0.15,0.216097561,0.066890883,-0.988140056
1985,chascoGOA,0.17,0.216097561,0.066890883,-0.689145648
1986,chascoGOA,0.16,0.216097561,0.066890883,-0.838642852
1987,chascoGOA,0.16,0.216097561,0.066890883,-0.838642852
1988,chascoGOA,0.17,0.216097561,0.066890883,-0.689145648
1989,chascoGOA,0.17,0.216097561,0.066890883,-0.689145648
1990,chascoGOA,0.17,0.216097561,0.066890883,-0.689145648
1991,chascoGOA,0.16,0.216097561,0.066890883,-0.838642852
1992,chascoGOA,0.15,0.216097561,0.066890883,-0.988140056
1993,chascoGOA,0.16,0.216097561,0.066890883,-0.838642852
1994,chascoGOA,0.17,0.216097561,0.066890883,-0.689145648
1995,chascoGOA,0.19,0.216097561,0.066890883,-0.39015124
1996,chascoGOA,0.19,0.216097561,0.066890883,-0.39015124
1997,chascoGOA,0.18,0.216097561,0.066890883,-0.539648444
1998,chascoGOA,0.19,0.216097561,0.066890883,-0.39015124
1999,chascoGOA,0.21,0.216097561,0.066890883,-0.091156832
2000,chascoGOA,0.25,0.216097561,0.066890883,0.506831984
2001,chascoGOA,0.28,0.216097561,0.066890883,0.955323596
2002,chascoGOA,0.29,0.216097561,0.066890883,1.1048208
2003,chascoGOA,0.29,0.216097561,0.066890883,1.1048208
2004,chascoGOA,0.28,0.216097561,0.066890883,0.955323596
2005,chascoGOA,0.29,0.216097561,0.066890883,1.1048208
2006,chascoGOA,0.33,0.216097561,0.066890883,1.702809617
2007,chascoGOA,0.35,0.216097561,0.066890883,2.001804025
2008,chascoGOA,0.34,0.216097561,0.066890883,1.852306821
2009,chascoGOA,0.33,0.216097561,0.066890883,1.702809617
2010,chascoGOA,0.28,0.216097561,0.066890883,0.955323596
2011,chascoGOA,0.24,0.216097561,0.066890883,0.35733478
2012,chascoGOA,0.23,0.216097561,0.066890883,0.207837576
2013,chascoGOA,0.26,0.216097561,0.066890883,0.656329188
2014,chascoGOA,0.3,0.216097561,0.066890883,1.254318004
2015,chascoGOA,0.34,0.216097561,0.066890883,1.852306821
2016,chascoGOA,NA,0.216097561,0.066890883,NA
2017,chascoGOA,NA,0.216097561,0.066890883,NA
2018,chascoGOA,NA,0.216097561,0.066890883,NA
1950,sealionSEAK,NA,8871.321261,1531.32594,NA
1951,sealionSEAK,NA,8871.321261,1531.32594,NA
1952,sealionSEAK,NA,8871.321261,1531.32594,NA
1953,sealionSEAK,NA,8871.321261,1531.32594,NA
1954,sealionSEAK,NA,8871.321261,1531.32594,NA
1955,sealionSEAK,NA,8871.321261,1531.32594,NA
1956,sealionSEAK,NA,8871.321261,1531.32594,NA
1957,sealionSEAK,NA,8871.321261,1531.32594,NA
1958,sealionSEAK,NA,8871.321261,1531.32594,NA
1959,sealionSEAK,NA,8871.321261,1531.32594,NA
1960,sealionSEAK,NA,8871.321261,1531.32594,NA
1961,sealionSEAK,NA,8871.321261,1531.32594,NA
1962,sealionSEAK,NA,8871.321261,1531.32594,NA
1963,sealionSEAK,NA,8871.321261,1531.32594,NA
1964,sealionSEAK,NA,8871.321261,1531.32594,NA
1965,sealionSEAK,NA,8871.321261,1531.32594,NA
1966,sealionSEAK,NA,8871.321261,1531.32594,NA
1967,sealionSEAK,NA,8871.321261,1531.32594,NA
1968,sealionSEAK,NA,8871.321261,1531.32594,NA
1969,sealionSEAK,NA,8871.321261,1531.32594,NA
1970,sealionSEAK,6539.437,8871.321261,1531.32594,-1.52278767
1971,sealionSEAK,6625.442,8871.321261,1531.32594,-1.466623925
1972,sealionSEAK,6711.446,8871.321261,1531.32594,-1.410460833
1973,sealionSEAK,6798.566,8871.321261,1531.32594,-1.35356896
1974,sealionSEAK,6886.818,8871.321261,1531.32594,-1.295937859
1975,sealionSEAK,6976.215,8871.321261,1531.32594,-1.23755904
1976,sealionSEAK,7066.772,8871.321261,1531.32594,-1.178422708
1977,sealionSEAK,7158.505,8871.321261,1531.32594,-1.118518413
1978,sealionSEAK,7251.429,8871.321261,1531.32594,-1.057836361
1979,sealionSEAK,7345.559,8871.321261,1531.32594,-0.996366757
1980,sealionSEAK,7440.911,8871.321261,1531.32594,-0.934099151
1981,sealionSEAK,7537.501,8871.321261,1531.32594,-0.871023096
1982,sealionSEAK,7635.344,8871.321261,1531.32594,-0.807128795
1983,sealionSEAK,7734.458,8871.321261,1531.32594,-0.742404495
1984,sealionSEAK,7834.858,8871.321261,1531.32594,-0.676840399
1985,sealionSEAK,7936.561,8871.321261,1531.32594,-0.610425407
1986,sealionSEAK,8039.585,8871.321261,1531.32594,-0.543147764
1987,sealionSEAK,8143.946,8871.321261,1531.32594,-0.474997022
1988,sealionSEAK,8249.662,8871.321261,1531.32594,-0.405961425
1989,sealionSEAK,8356.75,8871.321261,1531.32594,-0.336029873
1990,sealionSEAK,8465.228,8871.321261,1531.32594,-0.26519061
1991,sealionSEAK,8575.114,8871.321261,1531.32594,-0.193431883
1992,sealionSEAK,8686.427,8871.321261,1531.32594,-0.120741284
1993,sealionSEAK,8799.184,8871.321261,1531.32594,-0.047107712
1994,sealionSEAK,8913.406,8871.321261,1531.32594,0.027482548
1995,sealionSEAK,9029.11,8871.321261,1531.32594,0.103040597
1996,sealionSEAK,9146.315,8871.321261,1531.32594,0.179578842
1997,sealionSEAK,9265.043,8871.321261,1531.32594,0.25711165
1998,sealionSEAK,9385.311,8871.321261,1531.32594,0.335650122
1999,sealionSEAK,9507.141,8871.321261,1531.32594,0.415208626
2000,sealionSEAK,9630.552,8871.321261,1531.32594,0.495799568
2001,sealionSEAK,9755.565,8871.321261,1531.32594,0.577436662
2002,sealionSEAK,9882.201,8871.321261,1531.32594,0.660133622
2003,sealionSEAK,10010.481,8871.321261,1531.32594,0.743904161
2004,sealionSEAK,10140.426,8871.321261,1531.32594,0.828761994
2005,sealionSEAK,10272.058,8871.321261,1531.32594,0.914721486
2006,sealionSEAK,10405.398,8871.321261,1531.32594,1.001796351
2007,sealionSEAK,10540.47,8871.321261,1531.32594,1.090002262
2008,sealionSEAK,10677.294,8871.321261,1531.32594,1.17935228
2009,sealionSEAK,10815.895,8871.321261,1531.32594,1.26986273
2010,sealionSEAK,10956.295,8871.321261,1531.32594,1.361547979
2011,sealionSEAK,11098.518,8871.321261,1531.32594,1.454423699
2012,sealionSEAK,11242.586,8871.321261,1531.32594,1.548504258
2013,sealionSEAK,11388.525,8871.321261,1531.32594,1.643806634
2014,sealionSEAK,11536.359,8871.321261,1531.32594,1.740346499
2015,sealionSEAK,11686.111,8871.321261,1531.32594,1.838138874
2016,sealionSEAK,NA,8871.321261,1531.32594,NA
2017,sealionSEAK,NA,8871.321261,1531.32594,NA
2018,sealionSEAK,NA,8871.321261,1531.32594,NA
1950,sealionWAK,NA,29550.02891,17899.7811,NA
1951,sealionWAK,NA,29550.02891,17899.7811,NA
1952,sealionWAK,NA,29550.02891,17899.7811,NA
1953,sealionWAK,NA,29550.02891,17899.7811,NA
1954,sealionWAK,NA,29550.02891,17899.7811,NA
1955,sealionWAK,NA,29550.02891,17899.7811,NA
1956,sealionWAK,NA,29550.02891,17899.7811,NA
1957,sealionWAK,NA,29550.02891,17899.7811,NA
1958,sealionWAK,NA,29550.02891,17899.7811,NA
1959,sealionWAK,NA,29550.02891,17899.7811,NA
1960,sealionWAK,NA,29550.02891,17899.7811,NA
1961,sealionWAK,NA,29550.02891,17899.7811,NA
1962,sealionWAK,NA,29550.02891,17899.7811,NA
1963,sealionWAK,NA,29550.02891,17899.7811,NA
1964,sealionWAK,NA,29550.02891,17899.7811,NA
1965,sealionWAK,NA,29550.02891,17899.7811,NA
1966,sealionWAK,NA,29550.02891,17899.7811,NA
1967,sealionWAK,NA,29550.02891,17899.7811,NA
1968,sealionWAK,NA,29550.02891,17899.7811,NA
1969,sealionWAK,NA,29550.02891,17899.7811,NA
1970,sealionWAK,60764.71,29550.02891,17899.7811,1.743858258
1971,sealionWAK,59941.18,29550.02891,17899.7811,1.697850433
1972,sealionWAK,59117.65,29550.02891,17899.7811,1.651842607
1973,sealionWAK,58294.12,29550.02891,17899.7811,1.605834782
1974,sealionWAK,57470.59,29550.02891,17899.7811,1.559826957
1975,sealionWAK,56647.06,29550.02891,17899.7811,1.513819132
1976,sealionWAK,55823.53,29550.02891,17899.7811,1.467811307
1977,sealionWAK,55000,29550.02891,17899.7811,1.421803481
1978,sealionWAK,52875,29550.02891,17899.7811,1.303086946
1979,sealionWAK,50750,29550.02891,17899.7811,1.18437041
1980,sealionWAK,48625,29550.02891,17899.7811,1.065653875
1981,sealionWAK,46500,29550.02891,17899.7811,0.946937339
1982,sealionWAK,44375,29550.02891,17899.7811,0.828220804
1983,sealionWAK,42250,29550.02891,17899.7811,0.709504268
1984,sealionWAK,40125,29550.02891,17899.7811,0.590787732
1985,sealionWAK,38000,29550.02891,17899.7811,0.472071197
1986,sealionWAK,36400,29550.02891,17899.7811,0.382684629
1987,sealionWAK,34800,29550.02891,17899.7811,0.293298061
1988,sealionWAK,33200,29550.02891,17899.7811,0.203911493
1989,sealionWAK,31600,29550.02891,17899.7811,0.114524925
1990,sealionWAK,24689.69,29550.02891,17899.7811,-0.271530634
1991,sealionWAK,21271.28,29550.02891,17899.7811,-0.462505595
1992,sealionWAK,18670.44,29550.02891,17899.7811,-0.607805696
1993,sealionWAK,17056.79,29550.02891,17899.7811,-0.697954843
1994,sealionWAK,15443.14,29550.02891,17899.7811,-0.78810399
1995,sealionWAK,13647.64,29550.02891,17899.7811,-0.88841248
1996,sealionWAK,11852.15,29550.02891,17899.7811,-0.98872041
1997,sealionWAK,11399.02,29550.02891,17899.7811,-1.014035245
1998,sealionWAK,10945.9,29550.02891,17899.7811,-1.039349521
1999,sealionWAK,10548.29,29550.02891,17899.7811,-1.061562642
2000,sealionWAK,10150.68,29550.02891,17899.7811,-1.083775763
2001,sealionWAK,10807.4,29550.02891,17899.7811,-1.047087046
2002,sealionWAK,11464.13,29550.02891,17899.7811,-1.01039777
2003,sealionWAK,12120.86,29550.02891,17899.7811,-0.973708495
2004,sealionWAK,12777.59,29550.02891,17899.7811,-0.937019219
2005,sealionWAK,13434.31,29550.02891,17899.7811,-0.900330502
2006,sealionWAK,14091.04,29550.02891,17899.7811,-0.863641227
2007,sealionWAK,14747.77,29550.02891,17899.7811,-0.826951952
2008,sealionWAK,15404.5,29550.02891,17899.7811,-0.790262676
2009,sealionWAK,16061.23,29550.02891,17899.7811,-0.753573401
2010,sealionWAK,16717.95,29550.02891,17899.7811,-0.716884684
2011,sealionWAK,17374.68,29550.02891,17899.7811,-0.680195408
2012,sealionWAK,18031.41,29550.02891,17899.7811,-0.643506133
2013,sealionWAK,18688.14,29550.02891,17899.7811,-0.606816857
2014,sealionWAK,19344.87,29550.02891,17899.7811,-0.570127582
2015,sealionWAK,20001.59,29550.02891,17899.7811,-0.533438865
2016,sealionWAK,NA,29550.02891,17899.7811,NA
2017,sealionWAK,NA,29550.02891,17899.7811,NA
2018,sealionWAK,NA,29550.02891,17899.7811,NA
1950,chumTotalAK,NA,25.13898843,6.871314951,NA
1951,chumTotalAK,NA,25.13898843,6.871314951,NA
1952,chumTotalAK,16.94578435,25.13898843,6.871314951,-1.192377899
1953,chumTotalAK,16.01749707,25.13898843,6.871314951,-1.327473915
1954,chumTotalAK,18.48614425,25.13898843,6.871314951,-0.968205391
1955,chumTotalAK,11.79034633,25.13898843,6.871314951,-1.942661951
1956,chumTotalAK,16.5829095,25.13898843,6.871314951,-1.245188002
1957,chumTotalAK,18.06571109,25.13898843,6.871314951,-1.029392102
1958,chumTotalAK,15.36388933,25.13898843,6.871314951,-1.422595118
1959,chumTotalAK,12.76545186,25.13898843,6.871314951,-1.800752354
1960,chumTotalAK,15.36816879,25.13898843,6.871314951,-1.421972317
1961,chumTotalAK,12.90686658,25.13898843,6.871314951,-1.780171909
1962,chumTotalAK,15.67396225,25.13898843,6.871314951,-1.377469414
1963,chumTotalAK,11.3828611,25.13898843,6.871314951,-2.001964315
1964,chumTotalAK,15.95653182,25.13898843,6.871314951,-1.336346343
1965,chumTotalAK,10.25980687,25.13898843,6.871314951,-2.165405264
1966,chumTotalAK,14.65072658,25.13898843,6.871314951,-1.526383513
1967,chumTotalAK,11.04645422,25.13898843,6.871314951,-2.050922467
1968,chumTotalAK,13.62470941,25.13898843,6.871314951,-1.67570241
1969,chumTotalAK,8.701264788,25.13898843,6.871314951,-2.39222387
1970,chumTotalAK,16.78047561,25.13898843,6.871314951,-1.216435702
1971,chumTotalAK,16.44056866,25.13898843,6.871314951,-1.265903228
1972,chumTotalAK,15.66817283,25.13898843,6.871314951,-1.378311963
1973,chumTotalAK,16.56855074,25.13898843,6.871314951,-1.247277668
1974,chumTotalAK,15.39716706,25.13898843,6.871314951,-1.417752125
1975,chumTotalAK,15.8186937,25.13898843,6.871314951,-1.356406277
1976,chumTotalAK,17.67920675,25.13898843,6.871314951,-1.085641065
1977,chumTotalAK,19.43984114,25.13898843,6.871314951,-0.829411449
1978,chumTotalAK,16.30743212,25.13898843,6.871314951,-1.285278928
1979,chumTotalAK,16.54021163,25.13898843,6.871314951,-1.251401932
1980,chumTotalAK,22.26812338,25.13898843,6.871314951,-0.417804317
1981,chumTotalAK,25.14643324,25.13898843,6.871314951,0.001083463
1982,chumTotalAK,20.9234406,25.13898843,6.871314951,-0.613499433
1983,chumTotalAK,19.01949286,25.13898843,6.871314951,-0.890585807
1984,chumTotalAK,27.54423084,25.13898843,6.871314951,0.350041065
1985,chumTotalAK,23.42187596,25.13898843,6.871314951,-0.249895759
1986,chumTotalAK,23.72527923,25.13898843,6.871314951,-0.205740707
1987,chumTotalAK,22.81412716,25.13898843,6.871314951,-0.338342993
1988,chumTotalAK,29.08138399,25.13898843,6.871314951,0.573746886
1989,chumTotalAK,17.77218903,25.13898843,6.871314951,-1.072109117
1990,chumTotalAK,15.84349602,25.13898843,6.871314951,-1.352796732
1991,chumTotalAK,18.79745071,25.13898843,6.871314951,-0.922900168
1992,chumTotalAK,20.00508994,25.13898843,6.871314951,-0.747149348
1993,chumTotalAK,19.96686372,25.13898843,6.871314951,-0.752712509
1994,chumTotalAK,29.75558501,25.13898843,6.871314951,0.671865082
1995,chumTotalAK,33.98986649,25.13898843,6.871314951,1.288090871
1996,chumTotalAK,37.7695413,25.13898843,6.871314951,1.838156591
1997,chumTotalAK,28.24333707,25.13898843,6.871314951,0.45178378
1998,chumTotalAK,33.29086926,25.13898843,6.871314951,1.18636402
1999,chumTotalAK,35.16848587,25.13898843,6.871314951,1.459618358
2000,chumTotalAK,38.0245473,25.13898843,6.871314951,1.875268265
2001,chumTotalAK,28.10025014,25.13898843,6.871314951,0.430959974
2002,chumTotalAK,27.85134577,25.13898843,6.871314951,0.394736285
2003,chumTotalAK,31.95775926,25.13898843,6.871314951,0.99235312
2004,chumTotalAK,29.92254748,25.13898843,6.871314951,0.696163556
2005,chumTotalAK,31.19958067,25.13898843,6.871314951,0.882013454
2006,chumTotalAK,31.88802417,25.13898843,6.871314951,0.982204394
2007,chumTotalAK,29.09610925,25.13898843,6.871314951,0.575889891
2008,chumTotalAK,27.25805631,25.13898843,6.871314951,0.308393356
2009,chumTotalAK,26.88671997,25.13898843,6.871314951,0.254351831
2010,chumTotalAK,29.14438647,25.13898843,6.871314951,0.582915799
2011,chumTotalAK,31.06340652,25.13898843,6.871314951,0.862195684
2012,chumTotalAK,33.30778751,25.13898843,6.871314951,1.188826176
2013,chumTotalAK,34.9386286,25.13898843,6.871314951,1.426166642
2014,chumTotalAK,22.33199017,25.13898843,6.871314951,-0.408509621
2015,chumTotalAK,32.23484629,25.13898843,6.871314951,1.032678302
2016,chumTotalAK,NA,25.13898843,6.871314951,NA
2017,chumTotalAK,NA,25.13898843,6.871314951,NA
2018,chumTotalAK,NA,25.13898843,6.871314951,NA
1950,pinkTotalAK,NA,132.9320667,65.37214488,NA
1951,pinkTotalAK,NA,132.9320667,65.37214488,NA
1952,pinkTotalAK,40.91098969,132.9320667,65.37214488,-1.407649653
1953,pinkTotalAK,29.48664064,132.9320667,65.37214488,-1.582408322
1954,pinkTotalAK,47.0515148,132.9320667,65.37214488,-1.313717824
1955,pinkTotalAK,45.37515508,132.9320667,65.37214488,-1.339361158
1956,pinkTotalAK,50.80749123,132.9320667,65.37214488,-1.256262521
1957,pinkTotalAK,26.84565845,132.9320667,65.37214488,-1.62280752
1958,pinkTotalAK,45.67269583,132.9320667,65.37214488,-1.334809667
1959,pinkTotalAK,27.52856182,132.9320667,65.37214488,-1.612361123
1960,pinkTotalAK,34.15113259,132.9320667,65.37214488,-1.511055425
1961,pinkTotalAK,35.67211507,132.9320667,65.37214488,-1.487788902
1962,pinkTotalAK,64.83270893,132.9320667,65.37214488,-1.041718272
1963,pinkTotalAK,54.69809943,132.9320667,65.37214488,-1.19674775
1964,pinkTotalAK,70.78035831,132.9320667,65.37214488,-0.95073687
1965,pinkTotalAK,33.70596417,132.9320667,65.37214488,-1.517865182
1966,pinkTotalAK,64.26861645,132.9320667,65.37214488,-1.050347215
1967,pinkTotalAK,14.40971375,132.9320667,65.37214488,-1.813040603
1968,pinkTotalAK,70.66817134,132.9320667,65.37214488,-0.952452998
1969,pinkTotalAK,39.59173257,132.9320667,65.37214488,-1.427830376
1970,pinkTotalAK,48.75422879,132.9320667,65.37214488,-1.287671349
1971,pinkTotalAK,39.57073412,132.9320667,65.37214488,-1.42815159
1972,pinkTotalAK,29.03723241,132.9320667,65.37214488,-1.589282936
1973,pinkTotalAK,23.60697267,132.9320667,65.37214488,-1.67234981
1974,pinkTotalAK,26.26583267,132.9320667,65.37214488,-1.631677135
1975,pinkTotalAK,29.5611048,132.9320667,65.37214488,-1.581269242
1976,pinkTotalAK,61.21768605,132.9320667,65.37214488,-1.097017404
1977,pinkTotalAK,52.06077487,132.9320667,65.37214488,-1.237090997
1978,pinkTotalAK,101.9210959,132.9320667,65.37214488,-0.474375912
1979,pinkTotalAK,89.14757622,132.9320667,65.37214488,-0.669772892
1980,pinkTotalAK,102.1096991,132.9320667,65.37214488,-0.471490842
1981,pinkTotalAK,95.24467688,132.9320667,65.37214488,-0.576505329
1982,pinkTotalAK,101.4371903,132.9320667,65.37214488,-0.481778233
1983,pinkTotalAK,96.26864639,132.9320667,65.37214488,-0.560841631
1984,pinkTotalAK,129.6769174,132.9320667,65.37214488,-0.049794134
1985,pinkTotalAK,150.7997375,132.9320667,65.37214488,0.273322388
1986,pinkTotalAK,129.5650594,132.9320667,65.37214488,-0.051505229
1987,pinkTotalAK,79.53184134,132.9320667,65.37214488,-0.816865127
1988,pinkTotalAK,83.59446518,132.9320667,65.37214488,-0.754719027
1989,pinkTotalAK,154.1733495,132.9320667,65.37214488,0.324928649
1990,pinkTotalAK,131.2303708,132.9320667,65.37214488,-0.026030903
1991,pinkTotalAK,168.9556021,132.9320667,65.37214488,0.551053287
1992,pinkTotalAK,102.4769168,132.9320667,65.37214488,-0.465873501
1993,pinkTotalAK,154.7708283,132.9320667,65.37214488,0.334068303
1994,pinkTotalAK,166.1467856,132.9320667,65.37214488,0.508086723
1995,pinkTotalAK,194.7398113,132.9320667,65.37214488,0.945475242
1996,pinkTotalAK,175.732428,132.9320667,65.37214488,0.654718632
1997,pinkTotalAK,128.6344303,132.9320667,65.37214488,-0.065741095
1998,pinkTotalAK,170.2368819,132.9320667,65.37214488,0.57065307
1999,pinkTotalAK,247.4650379,132.9320667,65.37214488,1.752014888
2000,pinkTotalAK,124.0280681,132.9320667,65.37214488,-0.13620478
2001,pinkTotalAK,195.5609886,132.9320667,65.37214488,0.958036821
2002,pinkTotalAK,163.9500278,132.9320667,65.37214488,0.474482842
2003,pinkTotalAK,196.4706834,132.9320667,65.37214488,0.971952454
2004,pinkTotalAK,178.2715845,132.9320667,65.37214488,0.693560197
2005,pinkTotalAK,246.6687311,132.9320667,65.37214488,1.739833755
2006,pinkTotalAK,117.7066557,132.9320667,65.37214488,-0.232903649
2007,pinkTotalAK,202.4476525,132.9320667,65.37214488,1.063382361
2008,pinkTotalAK,122.8436426,132.9320667,65.37214488,-0.154322979
2009,pinkTotalAK,145.4104006,132.9320667,65.37214488,0.190881512
2010,pinkTotalAK,151.2099612,132.9320667,65.37214488,0.279597595
2011,pinkTotalAK,178.7042242,132.9320667,65.37214488,0.700178302
2012,pinkTotalAK,109.0368273,132.9320667,65.37214488,-0.365526319
2013,pinkTotalAK,315.3694794,132.9320667,65.37214488,2.790751519
2014,pinkTotalAK,141.113057,132.9320667,65.37214488,0.125144896
2015,pinkTotalAK,262.1491722,132.9320667,65.37214488,1.976638608
2016,pinkTotalAK,NA,132.9320667,65.37214488,NA
2017,pinkTotalAK,NA,132.9320667,65.37214488,NA
2018,pinkTotalAK,NA,132.9320667,65.37214488,NA
1950,sockTotalAK,NA,53.23795986,18.64897211,NA
1951,sockTotalAK,NA,53.23795986,18.64897211,NA
1952,sockTotalAK,32.17231367,53.23795986,18.64897211,-1.129587522
1953,sockTotalAK,19.86309647,53.23795986,18.64897211,-1.789635546
1954,sockTotalAK,17.68415224,53.23795986,18.64897211,-1.906475456
1955,sockTotalAK,15.99502046,53.23795986,18.64897211,-1.997050517
1956,sockTotalAK,34.26217769,53.23795986,18.64897211,-1.017524294
1957,sockTotalAK,25.88943101,53.23795986,18.64897211,-1.466489879
1958,sockTotalAK,12.6291009,53.23795986,18.64897211,-2.177538725
1959,sockTotalAK,20.16663473,53.23795986,18.64897211,-1.773359139
1960,sockTotalAK,47.69177356,53.23795986,18.64897211,-0.297399034
1961,sockTotalAK,31.91365746,53.23795986,18.64897211,-1.143457252
1962,sockTotalAK,20.067064,53.23795986,18.64897211,-1.778698346
1963,sockTotalAK,14.78602488,53.23795986,18.64897211,-2.06187959
1964,sockTotalAK,19.4038791,53.23795986,18.64897211,-1.814259818
1965,sockTotalAK,69.36333895,53.23795986,18.64897211,0.864679243
1966,sockTotalAK,29.6805527,53.23795986,18.64897211,-1.263201372
1967,sockTotalAK,19.47378802,53.23795986,18.64897211,-1.810511145
1968,sockTotalAK,18.42442462,53.23795986,18.64897211,-1.86678038
1969,sockTotalAK,30.08879,53.23795986,18.64897211,-1.241310766
1970,sockTotalAK,54.89286923,53.23795986,18.64897211,0.088739978
1971,sockTotalAK,26.74412413,53.23795986,18.64897211,-1.420659303
1972,sockTotalAK,14.16140327,53.23795986,18.64897211,-2.095373212
1973,sockTotalAK,10.22133192,53.23795986,18.64897211,-2.306648735
1974,sockTotalAK,18.89549098,53.23795986,18.64897211,-1.841520738
1975,sockTotalAK,32.22550912,53.23795986,18.64897211,-1.126735061
1976,sockTotalAK,24.167092,53.23795986,18.64897211,-1.558845586
1977,sockTotalAK,23.73756419,53.23795986,18.64897211,-1.581877837
1978,sockTotalAK,34.39991858,53.23795986,18.64897211,-1.010138316
1979,sockTotalAK,54.17933966,53.23795986,18.64897211,0.050478911
1980,sockTotalAK,78.89890063,53.23795986,18.64897211,1.375997595
1981,sockTotalAK,52.10003499,53.23795986,18.64897211,-0.061018101
1982,sockTotalAK,42.75405895,53.23795986,18.64897211,-0.562170443
1983,sockTotalAK,67.06122829,53.23795986,18.64897211,0.741234871
1984,sockTotalAK,61.06651196,53.23795986,18.64897211,0.419784643
1985,sockTotalAK,60.34739031,53.23795986,18.64897211,0.381223716
1986,sockTotalAK,45.98733581,53.23795986,18.64897211,-0.388794836
1987,sockTotalAK,52.59463981,53.23795986,18.64897211,-0.034496274
1988,sockTotalAK,43.98483258,53.23795986,18.64897211,-0.496173581
1989,sockTotalAK,65.55440267,53.23795986,18.64897211,0.660435478
1990,sockTotalAK,72.49225747,53.23795986,18.64897211,1.03245892
1991,sockTotalAK,69.1940533,53.23795986,18.64897211,0.855601764
1992,sockTotalAK,77.18684913,53.23795986,18.64897211,1.284193527
1993,sockTotalAK,82.29478237,53.23795986,18.64897211,1.558092443
1994,sockTotalAK,76.44558374,53.23795986,18.64897211,1.244445203
1995,sockTotalAK,87.49838054,53.23795986,18.64897211,1.837121128
1996,sockTotalAK,66.02713032,53.23795986,18.64897211,0.685784202
1997,sockTotalAK,44.35388294,53.23795986,18.64897211,-0.476384268
1998,sockTotalAK,36.98474962,53.23795986,18.64897211,-0.871533838
1999,sockTotalAK,67.95281292,53.23795986,18.64897211,0.789043652
2000,sockTotalAK,49.88221823,53.23795986,18.64897211,-0.179942444
2001,sockTotalAK,43.91080314,53.23795986,18.64897211,-0.500143207
2002,sockTotalAK,36.90361902,53.23795986,18.64897211,-0.875884244
2003,sockTotalAK,52.52191246,53.23795986,18.64897211,-0.038396078
2004,sockTotalAK,69.9149721,53.23795986,18.64897211,0.894259059
2005,sockTotalAK,64.94236554,53.23795986,18.64897211,0.627616665
2006,sockTotalAK,58.98605306,53.23795986,18.64897211,0.308225738
2007,sockTotalAK,62.15858265,53.23795986,18.64897211,0.47834394
2008,sockTotalAK,54.93321264,53.23795986,18.64897211,0.090903283
2009,sockTotalAK,56.38877014,53.23795986,18.64897211,0.168953563
2010,sockTotalAK,56.06738451,53.23795986,18.64897211,0.15172014
2011,sockTotalAK,54.37707227,53.23795986,18.64897211,0.06108178
2012,sockTotalAK,50.92400669,53.23795986,18.64897211,-0.124079394
2013,sockTotalAK,45.10896115,53.23795986,18.64897211,-0.435895268
2014,sockTotalAK,63.62981144,53.23795986,18.64897211,0.55723455
2015,sockTotalAK,83.89194696,53.23795986,18.64897211,1.643736015
2016,sockTotalAK,NA,53.23795986,18.64897211,NA
2017,sockTotalAK,NA,53.23795986,18.64897211,NA
2018,sockTotalAK,NA,53.23795986,18.64897211,NA
1950,chumTotal,NA,108.0644635,31.70783072,NA
1951,chumTotal,NA,108.0644635,31.70783072,NA
1952,chumTotal,52.8845154,108.0644635,31.70783072,-1.740262478
1953,chumTotal,51.81341993,108.0644635,31.70783072,-1.774042634
1954,chumTotal,72.10515694,108.0644635,31.70783072,-1.134082834
1955,chumTotal,76.79848744,108.0644635,31.70783072,-0.986064808
1956,chumTotal,83.50301847,108.0644635,31.70783072,-0.77461764
1957,chumTotal,65.21015374,108.0644635,31.70783072,-1.351537104
1958,chumTotal,71.38825014,108.0644635,31.70783072,-1.156692605
1959,chumTotal,64.69149348,108.0644635,31.70783072,-1.367894586
1960,chumTotal,66.6642341,108.0644635,31.70783072,-1.30567839
1961,chumTotal,55.63493101,108.0644635,31.70783072,-1.653520006
1962,chumTotal,59.72835971,108.0644635,31.70783072,-1.524421654
1963,chumTotal,56.90625241,108.0644635,31.70783072,-1.613425135
1964,chumTotal,62.47367783,108.0644635,31.70783072,-1.437839946
1965,chumTotal,54.1967671,108.0644635,31.70783072,-1.698876749
1966,chumTotal,65.76635054,108.0644635,31.70783072,-1.333995797
1967,chumTotal,53.36919848,108.0644635,31.70783072,-1.724976567
1968,chumTotal,52.56626682,108.0644635,31.70783072,-1.750299386
1969,chumTotal,37.75984077,108.0644635,31.70783072,-2.21726372
1970,chumTotal,61.5971249,108.0644635,31.70783072,-1.46548463
1971,chumTotal,56.72684267,108.0644635,31.70783072,-1.61908335
1972,chumTotal,67.05384394,108.0644635,31.70783072,-1.293390894
1973,chumTotal,64.46537428,108.0644635,31.70783072,-1.375025922
1974,chumTotal,63.35282406,108.0644635,31.70783072,-1.410113476
1975,chumTotal,65.09948149,108.0644635,31.70783072,-1.35502748
1976,chumTotal,67.6877679,108.0644635,31.70783072,-1.273398231
1977,chumTotal,60.29373372,108.0644635,31.70783072,-1.506590916
1978,chumTotal,61.78988022,108.0644635,31.70783072,-1.459405522
1979,chumTotal,63.79159519,108.0644635,31.70783072,-1.396275534
1980,chumTotal,70.96206904,108.0644635,31.70783072,-1.170133484
1981,chumTotal,79.93166253,108.0644635,31.70783072,-0.887250887
1982,chumTotal,77.9039689,108.0644635,31.70783072,-0.951200189
1983,chumTotal,80.15333231,108.0644635,31.70783072,-0.880259876
1984,chumTotal,91.55350575,108.0644635,31.70783072,-0.520721769
1985,chumTotal,107.1433526,108.0644635,31.70783072,-0.029049948
1986,chumTotal,108.4174982,108.0644635,31.70783072,0.011133992
1987,chumTotal,93.32364236,108.0644635,31.70783072,-0.464895288
1988,chumTotal,111.9554261,108.0644635,31.70783072,0.122712987
1989,chumTotal,99.0824594,108.0644635,31.70783072,-0.283274001
1990,chumTotal,113.6078584,108.0644635,31.70783072,0.174827317
1991,chumTotal,105.296214,108.0644635,31.70783072,-0.087304915
1992,chumTotal,92.41229349,108.0644635,31.70783072,-0.493637364
1993,chumTotal,122.8190881,108.0644635,31.70783072,0.465330624
1994,chumTotal,137.4188704,108.0644635,31.70783072,0.925777837
1995,chumTotal,146.2317973,108.0644635,31.70783072,1.203719489
1996,chumTotal,161.8954254,108.0644635,31.70783072,1.69771822
1997,chumTotal,132.9529677,108.0644635,31.70783072,0.784932417
1998,chumTotal,134.4686715,108.0644635,31.70783072,0.832734611
1999,chumTotal,115.1650486,108.0644635,31.70783072,0.223937905
2000,chumTotal,113.9506684,108.0644635,31.70783072,0.185638841
2001,chumTotal,133.7195502,108.0644635,31.70783072,0.80910886
2002,chumTotal,120.6152433,108.0644635,31.70783072,0.395825875
2003,chumTotal,135.5352607,108.0644635,31.70783072,0.866372646
2004,chumTotal,143.1787787,108.0644635,31.70783072,1.107433539
2005,chumTotal,131.3057068,108.0644635,31.70783072,0.732981184
2006,chumTotal,143.5614929,108.0644635,31.70783072,1.119503561
2007,chumTotal,130.8848695,108.0644635,31.70783072,0.71970884
2008,chumTotal,118.1742491,108.0644635,31.70783072,0.318841921
2009,chumTotal,145.4959184,108.0644635,31.70783072,1.180511379
2010,chumTotal,131.8277851,108.0644635,31.70783072,0.749446466
2011,chumTotal,123.904235,108.0644635,31.70783072,0.499553934
2012,chumTotal,136.2527179,108.0644635,31.70783072,0.888999777
2013,chumTotal,146.6062529,108.0644635,31.70783072,1.215529053
2014,chumTotal,144.186359,108.0644635,31.70783072,1.139210557
2015,chumTotal,157.2126108,108.0644635,31.70783072,1.550031845
2016,chumTotal,NA,108.0644635,31.70783072,NA
2017,chumTotal,NA,108.0644635,31.70783072,NA
2018,chumTotal,NA,108.0644635,31.70783072,NA
1950,pinkTotal,NA,359.2432708,135.0638629,NA
1951,pinkTotal,NA,359.2432708,135.0638629,NA
1952,pinkTotal,198.0298015,359.2432708,135.0638629,-1.1936092
1953,pinkTotal,336.5290869,359.2432708,135.0638629,-0.168173658
1954,pinkTotal,179.7949782,359.2432708,135.0638629,-1.328618098
1955,pinkTotal,294.413004,359.2432708,135.0638629,-0.479997132
1956,pinkTotal,260.8135208,359.2432708,135.0638629,-0.728764511
1957,pinkTotal,362.0339953,359.2432708,135.0638629,0.020662259
1958,pinkTotal,187.0299165,359.2432708,135.0638629,-1.275051302
1959,pinkTotal,240.0020938,359.2432708,135.0638629,-0.882850338
1960,pinkTotal,125.0629748,359.2432708,135.0638629,-1.733848647
1961,pinkTotal,182.1236784,359.2432708,135.0638629,-1.311376623
1962,pinkTotal,162.859114,359.2432708,135.0638629,-1.454009626
1963,pinkTotal,224.2375817,359.2432708,135.0638629,-0.999569287
1964,pinkTotal,146.2015324,359.2432708,135.0638629,-1.577340777
1965,pinkTotal,205.1036429,359.2432708,135.0638629,-1.14123515
1966,pinkTotal,161.1151013,359.2432708,135.0638629,-1.46692213
1967,pinkTotal,175.2447665,359.2432708,135.0638629,-1.362307433
1968,pinkTotal,172.0482063,359.2432708,135.0638629,-1.385974461
1969,pinkTotal,220.7792867,359.2432708,135.0638629,-1.025174174
1970,pinkTotal,132.2029342,359.2432708,135.0638629,-1.680985067
1971,pinkTotal,202.78803,359.2432708,135.0638629,-1.158379728
1972,pinkTotal,126.2276425,359.2432708,135.0638629,-1.725225559
1973,pinkTotal,158.6269034,359.2432708,135.0638629,-1.485344511
1974,pinkTotal,133.9360774,359.2432708,135.0638629,-1.668153039
1975,pinkTotal,228.2673373,359.2432708,135.0638629,-0.969733359
1976,pinkTotal,199.0080226,359.2432708,135.0638629,-1.186366544
1977,pinkTotal,279.1204321,359.2432708,135.0638629,-0.59322188
1978,pinkTotal,234.0968415,359.2432708,135.0638629,-0.926572265
1979,pinkTotal,319.9023766,359.2432708,135.0638629,-0.291276241
1980,pinkTotal,244.4852059,359.2432708,135.0638629,-0.849657802
1981,pinkTotal,297.883815,359.2432708,135.0638629,-0.454299577
1982,pinkTotal,223.2043036,359.2432708,135.0638629,-1.00721958
1983,pinkTotal,431.0079915,359.2432708,135.0638629,0.531339169
1984,pinkTotal,308.7731516,359.2432708,135.0638629,-0.373675964
1985,pinkTotal,326.2901376,359.2432708,135.0638629,-0.243981865
1986,pinkTotal,261.7616152,359.2432708,135.0638629,-0.72174491
1987,pinkTotal,270.3310462,359.2432708,135.0638629,-0.658297658
1988,pinkTotal,212.1579015,359.2432708,135.0638629,-1.089006091
1989,pinkTotal,364.3859048,359.2432708,135.0638629,0.038075573
1990,pinkTotal,303.0355966,359.2432708,135.0638629,-0.416156276
1991,pinkTotal,486.0193237,359.2432708,135.0638629,0.938637842
1992,pinkTotal,277.2341688,359.2432708,135.0638629,-0.607187594
1993,pinkTotal,398.5924679,359.2432708,135.0638629,0.291337714
1994,pinkTotal,453.748659,359.2432708,135.0638629,0.699708909
1995,pinkTotal,434.867605,359.2432708,135.0638629,0.559915381
1996,pinkTotal,424.2513281,359.2432708,135.0638629,0.481313476
1997,pinkTotal,401.9695761,359.2432708,135.0638629,0.316341502
1998,pinkTotal,443.5715796,359.2432708,135.0638629,0.624358781
1999,pinkTotal,501.0739726,359.2432708,135.0638629,1.050101032
2000,pinkTotal,381.8192568,359.2432708,135.0638629,0.167150454
2001,pinkTotal,401.8196412,359.2432708,135.0638629,0.315231398
2002,pinkTotal,382.8857158,359.2432708,135.0638629,0.175046415
2003,pinkTotal,466.3283391,359.2432708,135.0638629,0.792847665
2004,pinkTotal,361.2705607,359.2432708,135.0638629,0.015009862
2005,pinkTotal,594.4661709,359.2432708,135.0638629,1.741567988
2006,pinkTotal,344.0283572,359.2432708,135.0638629,-0.112649774
2007,pinkTotal,548.7740497,359.2432708,135.0638629,1.403267867
2008,pinkTotal,328.1716624,359.2432708,135.0638629,-0.230051235
2009,pinkTotal,657.1627969,359.2432708,135.0638629,2.205767846
2010,pinkTotal,407.2142707,359.2432708,135.0638629,0.355172722
2011,pinkTotal,653.762543,359.2432708,135.0638629,2.18059269
2012,pinkTotal,435.5747755,359.2432708,135.0638629,0.565151203
2013,pinkTotal,577.8224288,359.2432708,135.0638629,1.618339305
2014,pinkTotal,355.8470816,359.2432708,135.0638629,-0.025145062
2015,pinkTotal,549.4208599,359.2432708,135.0638629,1.408056788
2016,pinkTotal,NA,359.2432708,135.0638629,NA
2017,pinkTotal,NA,359.2432708,135.0638629,NA
2018,pinkTotal,NA,359.2432708,135.0638629,NA
1950,sockTotal,NA,77.72604911,21.71115625,NA
1951,sockTotal,NA,77.72604911,21.71115625,NA
1952,sockTotal,43.36883766,77.72604911,21.71115625,-1.582468066
1953,sockTotal,37.46064695,77.72604911,21.71115625,-1.854595015
1954,sockTotal,41.41865651,77.72604911,21.71115625,-1.672291986
1955,sockTotal,36.12798123,77.72604911,21.71115625,-1.915976625
1956,sockTotal,52.79739395,77.72604911,21.71115625,-1.14819565
1957,sockTotal,49.61559379,77.72604911,21.71115625,-1.294747041
1958,sockTotal,48.67168752,77.72604911,21.71115625,-1.338222675
1959,sockTotal,44.53427379,77.72604911,21.71115625,-1.52878893
1960,sockTotal,70.63123373,77.72604911,21.71115625,-0.326782015
1961,sockTotal,57.15678853,77.72604911,21.71115625,-0.947405119
1962,sockTotal,42.65297514,77.72604911,21.71115625,-1.615440171
1963,sockTotal,36.72645385,77.72604911,21.71115625,-1.888411413
1964,sockTotal,36.84533537,77.72604911,21.71115625,-1.882935817
1965,sockTotal,85.00321812,77.72604911,21.71115625,0.33518109
1966,sockTotal,48.52430858,77.72604911,21.71115625,-1.345010841
1967,sockTotal,43.81197564,77.72604911,21.71115625,-1.562057454
1968,sockTotal,45.21931492,77.72604911,21.71115625,-1.497236435
1969,sockTotal,46.99137567,77.72604911,21.71115625,-1.415616611
1970,sockTotal,74.04584333,77.72604911,21.71115625,-0.169507591
1971,sockTotal,64.68984232,77.72604911,21.71115625,-0.600438164
1972,sockTotal,30.86498341,77.72604911,21.71115625,-2.158386461
1973,sockTotal,34.38991331,77.72604911,21.71115625,-1.996030764
1974,sockTotal,40.78925166,77.72604911,21.71115625,-1.701281914
1975,sockTotal,45.62859631,77.72604911,21.71115625,-1.478385233
1976,sockTotal,38.07502265,77.72604911,21.71115625,-1.826297319
1977,sockTotal,41.15558247,77.72604911,21.71115625,-1.684408984
1978,sockTotal,53.29712679,77.72604911,21.71115625,-1.12517832
1979,sockTotal,72.96225849,77.72604911,21.71115625,-0.219416717
1980,sockTotal,91.81747014,77.72604911,21.71115625,0.649040561
1981,sockTotal,75.39118318,77.72604911,21.71115625,-0.10754222
1982,sockTotal,71.52918737,77.72604911,21.71115625,-0.285422926
1983,sockTotal,85.67192703,77.72604911,21.71115625,0.365981333
1984,sockTotal,78.4189277,77.72604911,21.71115625,0.031913482
1985,sockTotal,90.12851622,77.72604911,21.71115625,0.571248577
1986,sockTotal,72.18913268,77.72604911,21.71115625,-0.255026327
1987,sockTotal,73.50489421,77.72604911,21.71115625,-0.194423312
1988,sockTotal,59.81483431,77.72604911,21.71115625,-0.824977472
1989,sockTotal,93.97463351,77.72604911,21.71115625,0.74839793
1990,sockTotal,106.1354168,77.72604911,21.71115625,1.308514729
1991,sockTotal,97.33946229,77.72604911,21.71115625,0.903379486
1992,sockTotal,102.3099968,77.72604911,21.71115625,1.132318676
1993,sockTotal,128.4224913,77.72604911,21.71115625,2.335041099
1994,sockTotal,107.1856214,77.72604911,21.71115625,1.356886386
1995,sockTotal,109.3064562,77.72604911,21.71115625,1.454570487
1996,sockTotal,90.35054036,77.72604911,21.71115625,0.581474847
1997,sockTotal,74.42772085,77.72604911,21.71115625,-0.151918591
1998,sockTotal,57.90935872,77.72604911,21.71115625,-0.912742286
1999,sockTotal,82.84052309,77.72604911,21.71115625,0.235568936
2000,sockTotal,71.57366661,77.72604911,21.71115625,-0.283374244
2001,sockTotal,65.20970745,77.72604911,21.71115625,-0.576493555
2002,sockTotal,70.14725424,77.72604911,21.71115625,-0.349073756
2003,sockTotal,73.22480034,77.72604911,21.71115625,-0.207324231
2004,sockTotal,89.22644995,77.72604911,21.71115625,0.529700063
2005,sockTotal,87.00332854,77.72604911,21.71115625,0.427304715
2006,sockTotal,88.44484352,77.72604911,21.71115625,0.493699842
2007,sockTotal,84.62535261,77.72604911,21.71115625,0.31777688
2008,sockTotal,74.55549145,77.72604911,21.71115625,-0.14603357
2009,sockTotal,75.17885728,77.72604911,21.71115625,-0.117321795
2010,sockTotal,104.3931974,77.72604911,21.71115625,1.228269373
2011,sockTotal,82.3595777,77.72604911,21.71115625,0.213416943
2012,sockTotal,77.86348468,77.72604911,21.71115625,0.006330182
2013,sockTotal,73.41635786,77.72604911,21.71115625,-0.198501232
2014,sockTotal,105.2081075,77.72604911,21.71115625,1.26580354
2015,sockTotal,108.4010669,77.72604911,21.71115625,1.412868915
2016,sockTotal,NA,77.72604911,21.71115625,NA
2017,sockTotal,NA,77.72604911,21.71115625,NA
2018,sockTotal,NA,77.72604911,21.71115625,NA