"species","region","sub.region","stock","par","mean","low.95","low.50","med","high.50","high.95"
"Sockeye","AK Peninsula","AK Peninsula","Bear","alpha",2.44050497645629,1.61360438281035,2.14505473477149,2.44131403960855,2.71952329008238,3.30748383005464
"Sockeye","AK Peninsula","AK Peninsula","Bear","beta",7.01852493343678e-06,1.87703028460348e-06,5.17807545056968e-06,6.95366685571633e-06,8.7480259695058e-06,1.25107221782377e-05
"Sockeye","AK Peninsula","AK Peninsula","Bear","rho",0.00350917250183131,-0.104249322834834,-0.0254840182224651,0.00298731181077791,0.0316028563707611,0.11595332249296
"Sockeye","AK Peninsula","AK Peninsula","Bear","sigma_oe",0.560031757494409,0.368671525266648,0.489216809367675,0.552145835620661,0.623222728521158,0.788889982501284
"Sockeye","AK Peninsula","AK Peninsula","Bear","sigma_pdo",0.216304753286195,0.0182040951145911,0.0858493521023128,0.172760452440322,0.297341086702843,0.667540149907804
"Sockeye","AK Peninsula","AK Peninsula","Bear","sigma_npgo",0.194722894362471,0.0172018095826847,0.0826195448339796,0.160021036817441,0.270634495145366,0.568125950931815
"Sockeye","AK Peninsula","AK Peninsula","Nelson","alpha",1.81786819748434,1.1104324011783,1.58383011916628,1.81400819395164,2.05146094210397,2.52217148433055
"Sockeye","AK Peninsula","AK Peninsula","Nelson","beta",4.86762500207432e-06,2.18193296395367e-06,3.97549716500811e-06,4.85628986181977e-06,5.74751730773301e-06,7.56173231075007e-06
"Sockeye","AK Peninsula","AK Peninsula","Nelson","rho",0.0106074721449394,-0.0966803290132702,-0.0147776031026377,0.00960816518134,0.0355392507496996,0.121456362951892
"Sockeye","AK Peninsula","AK Peninsula","Nelson","sigma_oe",0.437827497355414,0.274682468115469,0.372814331470861,0.429506398648895,0.493517234652642,0.64745843039748
"Sockeye","AK Peninsula","AK Peninsula","Nelson","sigma_pdo",0.238706279331547,0.0252175901882979,0.121503903600048,0.212895419984405,0.323793894598886,0.620082672748756
"Sockeye","AK Peninsula","AK Peninsula","Nelson","sigma_npgo",0.188859635910195,0.0149523452885555,0.0876673981818114,0.16757931929451,0.264604604111457,0.496037067882175
"Sockeye","AYK","AYK","Goodnews","alpha",1.16609978800709,0.673884499949301,1.00780285282498,1.16557457450263,1.32556872123994,1.6383927450426
"Sockeye","AYK","AYK","Goodnews","beta",1.91200244056014e-05,1.00173109057465e-05,1.60044154287606e-05,1.91511270585377e-05,2.21861517116084e-05,2.81159457069903e-05
"Sockeye","AYK","AYK","Goodnews","rho",0.00884364849856545,-0.110019764352228,-0.0168160853775449,0.0113912332278852,0.0364560454256723,0.118617274474238
"Sockeye","AYK","AYK","Goodnews","sigma_oe",0.453263910859606,0.242742494773228,0.381687347558838,0.45081152179383,0.519865877210173,0.680882190391938
"Sockeye","AYK","AYK","Goodnews","sigma_pdo",0.221124694593343,0.0162936858956692,0.106420340731343,0.196697970036118,0.303052781206635,0.590825883282927
"Sockeye","AYK","AYK","Goodnews","sigma_npgo",0.226084536382642,0.0181335172909227,0.101446449557414,0.196005688908099,0.321791460085057,0.59231970709937
"Sockeye","Bristol Bay","Bristol Bay South","Alagnak","alpha",1.11099166051602,0.759625073728499,0.996806430404532,1.11475978041529,1.22650584183461,1.44380578049699
"Sockeye","Bristol Bay","Bristol Bay South","Alagnak","beta",3.33143198607565e-07,1.33572589970806e-07,2.65126132344042e-07,3.31952421300691e-07,4.0079955187374e-07,5.35387429853715e-07
"Sockeye","Bristol Bay","Bristol Bay South","Alagnak","rho",-0.00298821948349878,-0.0775118200869301,-0.020710104243691,-0.00475679799134354,0.0126107378773848,0.0821529444681099
"Sockeye","Bristol Bay","Bristol Bay South","Alagnak","sigma_oe",0.681754360995704,0.493196254863127,0.618102064110659,0.676598183264084,0.74284089978364,0.893835720813881
"Sockeye","Bristol Bay","Bristol Bay South","Alagnak","sigma_pdo",0.145180652904496,0.0092903674573783,0.0554140793009585,0.114223513671516,0.20079532583679,0.460656479232311
"Sockeye","Bristol Bay","Bristol Bay South","Alagnak","sigma_npgo",0.214523569198631,0.0183295656061305,0.0907092626644426,0.175366707172974,0.29840903742389,0.628081333525345
"Sockeye","Bristol Bay","Bristol Bay South","Egegik","alpha",1.87116984996337,1.5221539714551,1.73004152527398,1.84814299054143,1.98737241284615,2.33797730348965
"Sockeye","Bristol Bay","Bristol Bay South","Egegik","beta",1.70552836311831e-07,5.52680827246024e-09,5.81180758061271e-08,1.32318723805333e-07,2.45804779508144e-07,5.42357964342867e-07
"Sockeye","Bristol Bay","Bristol Bay South","Egegik","rho",-0.0205337394889475,-0.0967851152291248,-0.0380725095932785,-0.0201915248570105,-0.00258243252584219,0.0535810361319813
"Sockeye","Bristol Bay","Bristol Bay South","Egegik","sigma_oe",0.630274213372127,0.459614953968752,0.563514210833519,0.625362110469005,0.690433523062911,0.832711230647578
"Sockeye","Bristol Bay","Bristol Bay South","Egegik","sigma_pdo",0.129468957284472,0.0107857808487162,0.055063428811477,0.108564735999903,0.178469456710104,0.373849842735089
"Sockeye","Bristol Bay","Bristol Bay South","Egegik","sigma_npgo",0.236997724681222,0.0219781960428385,0.133439013749788,0.222000044998346,0.324274402154908,0.536758196157668
"Sockeye","Bristol Bay","Bristol Bay North","Igushik","alpha",1.43498309605261,1.07261062895185,1.31526387585483,1.4366936417285,1.555105376557,1.79539902123476
"Sockeye","Bristol Bay","Bristol Bay North","Igushik","beta",1.71180605663011e-06,9.63799609420075e-07,1.45997289154914e-06,1.71698943116153e-06,1.95420818014294e-06,2.46210520011365e-06
"Sockeye","Bristol Bay","Bristol Bay North","Igushik","rho",-0.00647957502683241,-0.0955119751857016,-0.0267764030131125,-0.0080700623730954,0.0120696096777994,0.0833275358268729
"Sockeye","Bristol Bay","Bristol Bay North","Igushik","sigma_oe",0.68574773792771,0.518028076611766,0.617155436392583,0.679539724532594,0.746669821041519,0.897272215173423
"Sockeye","Bristol Bay","Bristol Bay North","Igushik","sigma_pdo",0.166823875467919,0.00725888367608765,0.0695834554177039,0.141042718919906,0.234370529240219,0.477013234600646
"Sockeye","Bristol Bay","Bristol Bay North","Igushik","sigma_npgo",0.231710084981682,0.0221475923322064,0.124762755898427,0.210892297722786,0.318691245619088,0.563462870024596
"Sockeye","Bristol Bay","Bristol Bay South","Kvichak","alpha",0.810793663689927,0.475246101172952,0.692875150621087,0.805219247043691,0.926982575454001,1.16470730570283
"Sockeye","Bristol Bay","Bristol Bay South","Kvichak","beta",3.33798272711024e-08,2.60213689413181e-09,1.86260521443144e-08,3.14455107216267e-08,4.59930053228872e-08,7.67462898708773e-08
"Sockeye","Bristol Bay","Bristol Bay South","Kvichak","rho",0.00392245225247072,-0.0911332289105068,-0.0210003867713263,0.0011911255860324,0.0275228295685538,0.107320386952248
"Sockeye","Bristol Bay","Bristol Bay South","Kvichak","sigma_oe",0.728571334518028,0.546367828493675,0.655656298864919,0.721138936277064,0.79169921997186,0.953439349573758
"Sockeye","Bristol Bay","Bristol Bay South","Kvichak","sigma_pdo",0.221917807192468,0.0165672200255517,0.0868613248983524,0.180200852769889,0.314334512008152,0.653878189353183
"Sockeye","Bristol Bay","Bristol Bay South","Kvichak","sigma_npgo",0.262897112610968,0.0180086539129632,0.171588319810953,0.253856152696363,0.344167927370296,0.555340822511182
"Sockeye","Bristol Bay","Bristol Bay South","Naknek","alpha",1.44733822155981,1.05008117064843,1.30188224671744,1.4455962599405,1.58537417757831,1.86677549851095
"Sockeye","Bristol Bay","Bristol Bay South","Naknek","beta",3.00500614015566e-07,4.93713985355678e-08,2.0723560609027e-07,2.97834963966818e-07,3.90315329843775e-07,5.73793614641855e-07
"Sockeye","Bristol Bay","Bristol Bay South","Naknek","rho",0.00134361474007547,-0.0493128708731764,-0.010017349853963,0.00186129307081461,0.0135333137006498,0.0477946526894991
"Sockeye","Bristol Bay","Bristol Bay South","Naknek","sigma_oe",0.517183559136897,0.400688549679791,0.470853956407789,0.512500829154875,0.557632939249695,0.660767054310752
"Sockeye","Bristol Bay","Bristol Bay South","Naknek","sigma_pdo",0.114415038979165,0.0107942670042849,0.0466160039112806,0.0938105642439651,0.157751368863327,0.343800325974528
"Sockeye","Bristol Bay","Bristol Bay South","Naknek","sigma_npgo",0.113967451589027,0.011427241599118,0.0549177786434132,0.100103645721216,0.157027492067243,0.299698746126737
"Sockeye","Bristol Bay","Bristol Bay North","Nushagak","alpha",1.36703966673694,1.05660806708221,1.26066831254518,1.36486178934606,1.47273327109368,1.68685855713643
"Sockeye","Bristol Bay","Bristol Bay North","Nushagak","beta",6.32891962394053e-07,2.91968427403815e-07,5.20513126079749e-07,6.32394371656844e-07,7.46004138703132e-07,9.70027678393455e-07
"Sockeye","Bristol Bay","Bristol Bay North","Nushagak","rho",-0.00209336803104789,-0.0721854396881485,-0.0160263740775481,-0.000329353515469975,0.0143252455867598,0.0571770402945616
"Sockeye","Bristol Bay","Bristol Bay North","Nushagak","sigma_oe",0.532974877137233,0.379483655016683,0.479197454680284,0.530457870090599,0.583928074688514,0.700522761995104
"Sockeye","Bristol Bay","Bristol Bay North","Nushagak","sigma_pdo",0.13388006744617,0.0133971300887791,0.0581592177604337,0.112107676110999,0.184266450768363,0.382075878796545
"Sockeye","Bristol Bay","Bristol Bay North","Nushagak","sigma_npgo",0.1599347090177,0.0153436632716754,0.0658722965183111,0.133103937399843,0.223954859643307,0.456155884791125
"Sockeye","Bristol Bay","Bristol Bay North","Togiak","alpha",1.86210619845566,1.50504139345238,1.74307552229141,1.86280438111445,1.9820504018792,2.2195201661758
"Sockeye","Bristol Bay","Bristol Bay North","Togiak","beta",3.64154305063639e-06,2.02209005201522e-06,3.09203620499101e-06,3.64830205313326e-06,4.19212395104878e-06,5.29737537382171e-06
"Sockeye","Bristol Bay","Bristol Bay North","Togiak","rho",-0.00119915394129984,-0.0490385815219407,-0.0126245893097553,-0.00214468211362503,0.00930214538703746,0.0507865359148346
"Sockeye","Bristol Bay","Bristol Bay North","Togiak","sigma_oe",0.451468183704596,0.342460434194599,0.410782586271491,0.448338622694732,0.48856421077052,0.578976781369292
"Sockeye","Bristol Bay","Bristol Bay North","Togiak","sigma_pdo",0.178483996377062,0.0360766602558876,0.115978358943276,0.165972991126401,0.226828472408648,0.393612345164432
"Sockeye","Bristol Bay","Bristol Bay North","Togiak","sigma_npgo",0.0874707975194508,0.00704033379221883,0.0338869960446188,0.0698766948147203,0.122546850626116,0.266557719573961
"Sockeye","Bristol Bay","Bristol Bay South","Ugashik","alpha",1.63092230521386,1.20297944536759,1.48322543858469,1.62853018836159,1.77785479956863,2.07058795366423
"Sockeye","Bristol Bay","Bristol Bay South","Ugashik","beta",4.05584619784802e-07,7.58925537782628e-08,2.8235034200614e-07,4.02416924087082e-07,5.22736528761575e-07,7.6474060686001e-07
"Sockeye","Bristol Bay","Bristol Bay South","Ugashik","rho",-0.0306233934203684,-0.104102621823252,-0.0485731903493573,-0.0292801589928656,-0.0124083449782402,0.0397102378765
"Sockeye","Bristol Bay","Bristol Bay South","Ugashik","sigma_oe",0.740249819672873,0.57525012745391,0.674003615072676,0.732979765001184,0.798498083386543,0.952230117210063
"Sockeye","Bristol Bay","Bristol Bay South","Ugashik","sigma_pdo",0.215585357363639,0.0298012794095213,0.125352495135017,0.198207033920163,0.284288641187724,0.511673363048753
"Sockeye","Bristol Bay","Bristol Bay South","Ugashik","sigma_npgo",0.132647470448211,0.0120658557197466,0.0577228166329471,0.107998512326784,0.181420485374129,0.388010178790078
"Sockeye","Bristol Bay","Bristol Bay North","Wood","alpha",1.66703621041768,1.24520228951532,1.51761898337489,1.66716767304217,1.81404267303253,2.10394148692051
"Sockeye","Bristol Bay","Bristol Bay North","Wood","beta",3.76867804697554e-07,9.18827731978991e-08,2.74805497073196e-07,3.75293645629782e-07,4.73821157489128e-07,6.76103660337861e-07
"Sockeye","Bristol Bay","Bristol Bay North","Wood","rho",-0.0111340687419019,-0.0789851450279723,-0.0243883489540629,-0.00934414415786744,0.00329530204173566,0.050581689685976
"Sockeye","Bristol Bay","Bristol Bay North","Wood","sigma_oe",0.467406817452911,0.356069630787173,0.422514165673113,0.462599556536857,0.505623377913167,0.608291976204932
"Sockeye","Bristol Bay","Bristol Bay North","Wood","sigma_pdo",0.225620374990424,0.0715655779970862,0.158552112923105,0.2111832751618,0.276997477185116,0.460688672155701
"Sockeye","Bristol Bay","Bristol Bay North","Wood","sigma_npgo",0.0877973498667453,0.00737398760715584,0.034783088464884,0.0705159728531496,0.121160969410952,0.272221902423061
"Sockeye","Chignik","Chignik","Black Lake","alpha",1.23210398422418,0.878163617215085,1.08368803603515,1.21579626191242,1.3629044651757,1.67455121500059
"Sockeye","Chignik","Chignik","Black Lake","beta",7.86943321766246e-07,5.12680616049248e-08,4.11213066997231e-07,7.36288490312196e-07,1.09000386764704e-06,1.8628272279733e-06
"Sockeye","Chignik","Chignik","Black Lake","rho",-0.000168114974218042,-0.0538351881496324,-0.0115724037499936,-0.000588734677426324,0.0104946512532908,0.0560474572771897
"Sockeye","Chignik","Chignik","Black Lake","sigma_oe",0.562421487942458,0.430330732894706,0.513472876879575,0.559320671623033,0.608318895777114,0.710756970892521
"Sockeye","Chignik","Chignik","Black Lake","sigma_pdo",0.181139559797251,0.0140967868438558,0.0804528540048471,0.158841857246801,0.260933232588047,0.470380018313606
"Sockeye","Chignik","Chignik","Black Lake","sigma_npgo",0.112944693485105,0.0111109175890417,0.0554020763464553,0.0997424854734918,0.155440482445395,0.291896576629655
"Sockeye","Chignik","Chignik","Chignik Lake","alpha",2.01559025315795,1.6650854486414,1.89749887590648,2.01719940115969,2.13512995595258,2.36466402134955
"Sockeye","Chignik","Chignik","Chignik Lake","beta",2.79578150082093e-06,1.73209693706268e-06,2.43886420568097e-06,2.79691650103615e-06,3.1619038553968e-06,3.84412213525621e-06
"Sockeye","Chignik","Chignik","Chignik Lake","rho",-0.00649596999147314,-0.0433075427048267,-0.0138105169429981,-0.00653991332994253,0.00101807906266921,0.0285313273371998
"Sockeye","Chignik","Chignik","Chignik Lake","sigma_oe",0.40279580946447,0.318359237257219,0.369869390830317,0.400353336554768,0.431783128488464,0.503367331561387
"Sockeye","Chignik","Chignik","Chignik Lake","sigma_pdo",0.123918125181236,0.0105830948841804,0.0640914718628667,0.11328167098828,0.169721648235546,0.310302938631608
"Sockeye","Chignik","Chignik","Chignik Lake","sigma_npgo",0.066465135080526,0.00559451850988203,0.0268806158648698,0.0550526666263931,0.0927394183211813,0.193164676779487
"Sockeye","Cook Inlet","Upper Cook Inlet","Kasilof","alpha",1.66720336009439,1.35346723689739,1.55988340882167,1.66514913093832,1.77382872506652,1.98135684229334
"Sockeye","Cook Inlet","Upper Cook Inlet","Kasilof","beta",1.72852346533256e-06,5.39512119053398e-07,1.31342524771929e-06,1.71648404107865e-06,2.13263863598121e-06,2.9702013155535e-06
"Sockeye","Cook Inlet","Upper Cook Inlet","Kasilof","rho",-0.0126419666449193,-0.11573245075085,-0.026751185625511,-0.00395569913984927,0.00727126116412664,0.0593030150174447
"Sockeye","Cook Inlet","Upper Cook Inlet","Kasilof","sigma_oe",0.278428340132206,0.179292068660591,0.239837861086635,0.274284838490451,0.312605255415374,0.39978353250719
"Sockeye","Cook Inlet","Upper Cook Inlet","Kasilof","sigma_pdo",0.31737257323778,0.141927591528015,0.246365393372297,0.307844377401372,0.379464865893941,0.546732296494345
"Sockeye","Cook Inlet","Upper Cook Inlet","Kasilof","sigma_npgo",0.0652140732971537,0.00494712314251311,0.0249423843325569,0.0525573608948241,0.0923073308366986,0.196931280212937
"Sockeye","Cook Inlet","Upper Cook Inlet","Kenai","alpha",1.77855763654275,1.38282264009311,1.64235527427172,1.77742958612721,1.9165892224613,2.18068909408822
"Sockeye","Cook Inlet","Upper Cook Inlet","Kenai","beta",5.27327384407342e-07,1.78622717467257e-07,4.03831189930889e-07,5.25710920188513e-07,6.48743013682381e-07,8.82474831353943e-07
"Sockeye","Cook Inlet","Upper Cook Inlet","Kenai","rho",0.00269171781615027,-0.0492646939145346,-0.010283076335002,0.00337255439201912,0.0151625190035672,0.0551341158547272
"Sockeye","Cook Inlet","Upper Cook Inlet","Kenai","sigma_oe",0.468823682724534,0.352657968762225,0.423413868344147,0.464661338135214,0.510249467139585,0.609655239548629
"Sockeye","Cook Inlet","Upper Cook Inlet","Kenai","sigma_pdo",0.144386923558386,0.0147530556379962,0.0594205196137585,0.116442553938972,0.196446814617649,0.439750120416763
"Sockeye","Cook Inlet","Upper Cook Inlet","Kenai","sigma_npgo",0.0779246213476403,0.00692803263176622,0.0298754059582567,0.0605348980333277,0.107032808812316,0.251415263375287
"Sockeye","Kodiak","Kodiak","Ayakulik","alpha",0.704952276236489,0.413599926467503,0.588230587587286,0.694062195386643,0.809519365055053,1.05737321447322
"Sockeye","Kodiak","Kodiak","Ayakulik","beta",7.05951819004005e-07,4.55550295268758e-08,3.40977583472219e-07,6.42543765569767e-07,9.93836713725713e-07,1.73752223338415e-06
"Sockeye","Kodiak","Kodiak","Ayakulik","rho",-0.00783169142080669,-0.0829386133224994,-0.0269833458684504,-0.00844949654830587,0.0113638255982439,0.0688586984207661
"Sockeye","Kodiak","Kodiak","Ayakulik","sigma_oe",0.452458083508116,0.331070854121978,0.403699856563255,0.447096326459456,0.495501575894351,0.606267600740146
"Sockeye","Kodiak","Kodiak","Ayakulik","sigma_pdo",0.175612838973077,0.0151679317363788,0.0936640347548088,0.158574226143739,0.238363495537059,0.437142626187672
"Sockeye","Kodiak","Kodiak","Ayakulik","sigma_npgo",0.228471074793204,0.0547776072775064,0.15890353570062,0.221012589172182,0.290629868296691,0.442140911573099
"Sockeye","Kodiak","Kodiak","Frazer","alpha",1.71471413834576,1.23998646938697,1.54982360152207,1.71052704990642,1.87880484286566,2.19834267207551
"Sockeye","Kodiak","Kodiak","Frazer","beta",4.35824944448179e-06,1.88948406873626e-06,3.46123133777946e-06,4.33768971435909e-06,5.21465184756328e-06,6.96934523427927e-06
"Sockeye","Kodiak","Kodiak","Frazer","rho",-0.0196882115415465,-0.190316031708566,-0.0605995581458081,-0.0146119825240151,0.0196896857403773,0.14905322573689
"Sockeye","Kodiak","Kodiak","Frazer","sigma_oe",0.586539684720564,0.273985258505068,0.464564634640204,0.591666610336234,0.704383915902356,0.91502408616059
"Sockeye","Kodiak","Kodiak","Frazer","sigma_pdo",0.548144946225193,0.133822267788705,0.404120022828034,0.533207028073136,0.681815039032403,1.00142991332166
"Sockeye","Kodiak","Kodiak","Frazer","sigma_npgo",0.339094013987528,0.0199129572426079,0.126215013621127,0.284755330489932,0.521002020670494,0.875485254731589
"Sockeye","Kodiak","Kodiak","Early Karluk","alpha",2.50579748394827,1.06740824481468,2.04095444768798,2.51072172782144,2.98469662569088,3.87839322341771
"Sockeye","Kodiak","Kodiak","Early Karluk","beta",8.40237235406019e-06,3.9431781251495e-06,6.95857476138013e-06,8.42458280101855e-06,9.88158945186223e-06,1.26972220232648e-05
"Sockeye","Kodiak","Kodiak","Early Karluk","rho",0.0133062297974342,-0.13422480521746,-0.0304990382423515,0.0131858868837505,0.0583104544584233,0.157072880754734
"Sockeye","Kodiak","Kodiak","Early Karluk","sigma_oe",0.833972398362725,0.587926853048525,0.733102639025873,0.820561016780087,0.919329321363678,1.16560090879607
"Sockeye","Kodiak","Kodiak","Early Karluk","sigma_pdo",0.248912818651289,0.0203377860371349,0.101490312467074,0.205374903642541,0.348489175880348,0.725352610402767
"Sockeye","Kodiak","Kodiak","Early Karluk","sigma_npgo",0.240071692028859,0.0208521836782147,0.115935939468562,0.212314574163856,0.330576529002984,0.631425137755035
"Sockeye","Kodiak","Kodiak","Late Karluk","alpha",0.914354439331255,0.161780877683034,0.603576125972782,0.883729686170706,1.18945374599831,1.83286056505408
"Sockeye","Kodiak","Kodiak","Late Karluk","beta",1.60942613375977e-06,1.60013626926677e-07,9.40513272878175e-07,1.54541169519802e-06,2.17240497994522e-06,3.52753258015768e-06
"Sockeye","Kodiak","Kodiak","Late Karluk","rho",-0.0228492001354521,-0.186755291984105,-0.0630621921449944,-0.0257560066904015,0.0138368324944911,0.163905904945707
"Sockeye","Kodiak","Kodiak","Late Karluk","sigma_oe",0.757778390500156,0.442697439466021,0.643795351787493,0.750313641265627,0.862445816193741,1.11794425876976
"Sockeye","Kodiak","Kodiak","Late Karluk","sigma_pdo",0.406350602244013,0.0394110925965122,0.201522252045665,0.363896009541903,0.56022406159064,1.01898572327466
"Sockeye","Kodiak","Kodiak","Late Karluk","sigma_npgo",0.244625807122272,0.0213285031770216,0.112999820404696,0.212719847547124,0.342347149602418,0.652347370617912
"Sockeye","Kodiak","Kodiak","E. Upper Station","alpha",0.897523025553924,0.460885257856518,0.747107200771175,0.895865976298576,1.04726857813405,1.34482635193164
"Sockeye","Kodiak","Kodiak","E. Upper Station","beta",8.65238636865954e-06,1.81092737231726e-06,6.18658709532613e-06,8.60606579000431e-06,1.10105577566205e-05,1.57933322473381e-05
"Sockeye","Kodiak","Kodiak","E. Upper Station","rho",-0.0130346479253992,-0.0926905884851788,-0.0307134421547495,-0.0122301789084254,0.00454071589048725,0.0657569066080176
"Sockeye","Kodiak","Kodiak","E. Upper Station","sigma_oe",0.565006228427164,0.402472276819387,0.506681772847265,0.561311890881251,0.618832527325423,0.750936270607
"Sockeye","Kodiak","Kodiak","E. Upper Station","sigma_pdo",0.184193850435918,0.0153673569416408,0.0764813931821834,0.147934799349493,0.250890202850918,0.56608801047237
"Sockeye","Kodiak","Kodiak","E. Upper Station","sigma_npgo",0.173239967535635,0.015454911869542,0.0842649047595501,0.15511327259759,0.239735917975517,0.441809421859314
"Sockeye","Kodiak","Kodiak","L. Upper Station","alpha",1.48332064492486,1.0637957574821,1.34753504996489,1.4870742912786,1.62416015833028,1.88651264213354
"Sockeye","Kodiak","Kodiak","L. Upper Station","beta",3.96443070552391e-06,1.65757752353408e-06,3.20966297967286e-06,3.96074452379824e-06,4.74199574405852e-06,6.17641364744148e-06
"Sockeye","Kodiak","Kodiak","L. Upper Station","rho",-0.0130692974799502,-0.101597399535291,-0.0369996772068665,-0.0151367229530086,0.00840424089955032,0.0860758552800983
"Sockeye","Kodiak","Kodiak","L. Upper Station","sigma_oe",0.374452953800618,0.193868915259271,0.312232999590763,0.372006266182015,0.435291847502913,0.561036735828836
"Sockeye","Kodiak","Kodiak","L. Upper Station","sigma_pdo",0.189700711062165,0.0140229278572103,0.090053328060851,0.160640242746643,0.257715427623911,0.52592607659337
"Sockeye","Kodiak","Kodiak","L. Upper Station","sigma_npgo",0.258615855478927,0.0295152846902257,0.163210358407769,0.253222975164162,0.342945753970632,0.543029312405525
"Sockeye","PWS","PWS","Coghill","alpha",1.5256668392009,0.969125701426626,1.33533735247518,1.52742263027024,1.71754728455056,2.07694655165947
"Sockeye","PWS","PWS","Coghill","beta",1.12967640894256e-05,3.42568162833741e-06,8.66169318275584e-06,1.1313070296038e-05,1.39046944001955e-05,1.90828077022233e-05
"Sockeye","PWS","PWS","Coghill","rho",-0.0135990690933466,-0.129948965332551,-0.0367767557687581,-0.0135624096359653,0.00930647457173275,0.10268239855728
"Sockeye","PWS","PWS","Coghill","sigma_oe",0.973186076021647,0.735321217794558,0.880526429669898,0.964409113925355,1.05824203509987,1.25305526655465
"Sockeye","PWS","PWS","Coghill","sigma_pdo",0.373137752432196,0.0373116059677639,0.184583522954337,0.339302352178879,0.520484453035939,0.916303093464569
"Sockeye","PWS","PWS","Coghill","sigma_npgo",0.168352888603007,0.0177721902988001,0.0687512371353693,0.134738661376177,0.230456448084564,0.516279742513656
"Sockeye","PWS","PWS","Copper","alpha",1.71604185134654,1.37473354056475,1.60081573188837,1.71648202302171,1.83207092822383,2.05725964160678
"Sockeye","PWS","PWS","Copper","beta",1.14139075048784e-06,5.09204978321454e-07,9.28634173497042e-07,1.1404978678381e-06,1.35659827648056e-06,1.7738468149544e-06
"Sockeye","PWS","PWS","Copper","rho",-0.00115440230397166,-0.0538580078255079,-0.0148322045610503,0.00194702306628454,0.0129484425605752,0.0427972405342579
"Sockeye","PWS","PWS","Copper","sigma_oe",0.292201761735549,0.213309981748903,0.261774617014866,0.289132558554366,0.320101022242808,0.38627158245991
"Sockeye","PWS","PWS","Copper","sigma_pdo",0.156508899324202,0.0414355883909851,0.108904629830369,0.148426033652341,0.195901266296912,0.315699161093825
"Sockeye","PWS","PWS","Copper","sigma_npgo",0.0819424131255448,0.00683810497611526,0.0383194767545261,0.0725073320332631,0.11542951961356,0.213149902779723
"Sockeye","PWS","PWS","Eshamy","alpha",1.00031204795621,0.4129235921241,0.798606814398304,0.996835461479217,1.19788239115217,1.62209771660524
"Sockeye","PWS","PWS","Eshamy","beta",9.11802904443165e-06,3.96075604552825e-07,3.87418026224637e-06,7.95788813168744e-06,1.30340561607999e-05,2.48247733041172e-05
"Sockeye","PWS","PWS","Eshamy","rho",-0.0586045492903008,-0.30054954996314,-0.102362102844807,-0.0531810344473432,-0.0108680792086043,0.153575630441046
"Sockeye","PWS","PWS","Eshamy","sigma_oe",1.12159242797839,0.732595608947036,0.972120373531318,1.10421442564761,1.25618799716375,1.59417920728355
"Sockeye","PWS","PWS","Eshamy","sigma_pdo",0.229534245024581,0.0137932819034056,0.0861039957203358,0.180172775070101,0.319846139029027,0.722534168893881
"Sockeye","PWS","PWS","Eshamy","sigma_npgo",0.806355930007883,0.163658676058102,0.585558651138635,0.794049291518436,1.01307806949728,1.49232345158901
"Sockeye","SEAK","SEAK","Chilkoot","alpha",1.11925663890904,0.434565113900596,0.818951475672572,1.08913262455198,1.39241028028512,1.95474516289432
"Sockeye","SEAK","SEAK","Chilkoot","beta",8.50338607543219e-06,6.46344691124363e-07,4.73142396642365e-06,8.12236774689666e-06,1.17887854790853e-05,1.88685192987707e-05
"Sockeye","SEAK","SEAK","Chilkoot","rho",-0.0100900487064431,-0.179542560069159,-0.051373094123227,-0.0111399902805815,0.031687074773705,0.160836246973308
"Sockeye","SEAK","SEAK","Chilkoot","sigma_oe",0.555438739048177,0.210024243932202,0.449365603146365,0.561791885472415,0.662947547779812,0.863661173925741
"Sockeye","SEAK","SEAK","Chilkoot","sigma_pdo",0.321574730788604,0.0195979527911534,0.118248720260818,0.245781407057135,0.452001427261676,1.00269451780201
"Sockeye","SEAK","SEAK","Chilkoot","sigma_npgo",0.395437342506858,0.0500160463069017,0.212980831053597,0.344752751697549,0.52529188287934,1.05834109790615
"Sockeye","SEAK","SEAK","Redoubt","alpha",1.39344253584496,0.615188530853087,1.13384878281696,1.39235246576262,1.65224673335111,2.17718207277268
"Sockeye","SEAK","SEAK","Redoubt","beta",3.84487745217869e-05,2.12631048772164e-05,3.27691306208515e-05,3.83072319374316e-05,4.40714925370598e-05,5.61586706328274e-05
"Sockeye","SEAK","SEAK","Redoubt","rho",0.0145756136422976,-0.23307367232367,-0.0403128641231185,0.0187234503216156,0.0712532540453927,0.251229121153305
"Sockeye","SEAK","SEAK","Redoubt","sigma_oe",0.889848994287259,0.504604025694857,0.750800656027057,0.877517719521564,1.01500475632995,1.33919920116779
"Sockeye","SEAK","SEAK","Redoubt","sigma_pdo",0.572036908228075,0.0634718953408296,0.320497048430443,0.524470193399311,0.762885672751026,1.38167193708327
"Sockeye","SEAK","SEAK","Redoubt","sigma_npgo",0.323568451537934,0.0251243056848554,0.140009726716713,0.273320798149454,0.451385175137453,0.915970266342523
"Sockeye","SEAK","SEAK","Speel","alpha",1.98247672457288,1.04147599959995,1.67737285189855,1.98414978895159,2.28642312209616,2.90802863142844
"Sockeye","SEAK","SEAK","Speel","beta",0.000184734221333848,8.09496194146429e-05,0.000150568288015811,0.000184163396083694,0.000218817798852792,0.00028607921856017
"Sockeye","SEAK","SEAK","Speel","rho",0.032498887719966,-0.228934322761609,-0.0315289172532514,0.0219679744862981,0.0811239355426018,0.369085949671076
"Sockeye","SEAK","SEAK","Speel","sigma_oe",0.650335020354762,0.268716433372918,0.525561619456635,0.646303520964581,0.768915399548516,1.06692671295184
"Sockeye","SEAK","SEAK","Speel","sigma_pdo",0.586084782665639,0.0482563213596891,0.230993141053383,0.472045240431346,0.833740408517741,1.7056983433175
"Sockeye","SEAK","SEAK","Speel","sigma_npgo",0.281918804758125,0.0241325432870645,0.115497517951262,0.232948437408982,0.391230768945618,0.816757485146931
"Sockeye","WA","WA","Washington","alpha",0.294179738534185,0.011717543491791,0.10929404074715,0.237523301664254,0.429529334347247,0.847982683896505
"Sockeye","WA","WA","Washington","beta",2.23898921740139e-06,3.82085743295072e-07,1.42898874135523e-06,2.13700393996852e-06,2.92336592754134e-06,4.62454157325708e-06
"Sockeye","WA","WA","Washington","rho",-0.011436454057913,-0.175194270415772,-0.0409030646581223,-0.00763344557029571,0.0219829359007817,0.124027940324345
"Sockeye","WA","WA","Washington","sigma_oe",0.818522678959871,0.493629428081107,0.707995898867811,0.81311643331329,0.925705260635044,1.15550116229472
"Sockeye","WA","WA","Washington","sigma_pdo",0.237689706936039,0.0121598946042738,0.110995516387756,0.2110987794067,0.329663198134063,0.634767407303947
"Sockeye","WA","WA","Washington","sigma_npgo",0.461088312603894,0.0625450942421157,0.26125325124574,0.427311318813026,0.619339812517886,1.0623894579808
"Sockeye","WC","Fraser River","E.Stuart","alpha",1.85256310700476,1.61916107754361,1.7724971512121,1.85114830854766,1.93105719765491,2.09290523290867
"Sockeye","WC","Fraser River","E.Stuart","beta",1.47170632052936e-06,6.7217205620065e-08,6.49801984322955e-07,1.3046774926021e-06,2.08617942614221e-06,3.88384966939668e-06
"Sockeye","WC","Fraser River","E.Stuart","rho",0.00400104074159613,-0.0538049560791851,-0.00958202982987866,0.00413303027281745,0.0178063640346547,0.0619716681212098
"Sockeye","WC","Fraser River","E.Stuart","sigma_oe",0.618363921003101,0.483819697020671,0.5656538605087,0.613282321910851,0.664890507052214,0.782352011471054
"Sockeye","WC","Fraser River","E.Stuart","sigma_pdo",0.146417718048463,0.0110227687357288,0.0647519665556042,0.127605856169587,0.205486487148212,0.403527279480143
"Sockeye","WC","Fraser River","E.Stuart","sigma_npgo",0.172552509491759,0.0230706786426909,0.0989940211236926,0.159631183517223,0.230505003176233,0.408109188420868
"Sockeye","WC","Fraser River","L.Stuart","alpha",1.72648681455873,1.36565442738062,1.60528614854397,1.72593031599033,1.84841393362957,2.08815642865549
"Sockeye","WC","Fraser River","L.Stuart","beta",1.10629501773301e-06,5.43584953226518e-08,5.35144692617416e-07,9.97698851407953e-07,1.56952122176209e-06,2.77759032912982e-06
"Sockeye","WC","Fraser River","L.Stuart","rho",0.0144415116287691,-0.0578227117434861,-0.00096592691358639,0.0149841402510957,0.0304096477851024,0.0856981403378497
"Sockeye","WC","Fraser River","L.Stuart","sigma_oe",0.892957635227107,0.70102998581314,0.814215160916853,0.884451049648916,0.961005415520689,1.13410916172813
"Sockeye","WC","Fraser River","L.Stuart","sigma_pdo",0.213052139540893,0.0168116362634012,0.0895356983809412,0.178153256476766,0.300502312702145,0.604428621503579
"Sockeye","WC","Fraser River","L.Stuart","sigma_npgo",0.113842447167842,0.00764880159119017,0.0400370976084236,0.0877596893934033,0.159877234002966,0.366312353992401
"Sockeye","WC","Fraser River","Stellako","alpha",2.38470275651828,1.99868170677886,2.25431470756247,2.38337926275582,2.51434370681526,2.76660837061591
"Sockeye","WC","Fraser River","Stellako","beta",7.24313797601317e-06,2.18039981016973e-06,5.50109994065218e-06,7.2403680541063e-06,8.94902031230386e-06,1.2384859569192e-05
"Sockeye","WC","Fraser River","Stellako","rho",0.000809601760163969,-0.0428155193466341,-0.00987482091078378,0.00114015099876397,0.0117269875720473,0.0431060183802139
"Sockeye","WC","Fraser River","Stellako","sigma_oe",0.824386996279925,0.67260525438908,0.76180781966062,0.816445747534211,0.877997664971439,1.01960463526058
"Sockeye","WC","Fraser River","Stellako","sigma_pdo",0.110446368634153,0.0123825626385683,0.0517575210265702,0.0930187849683654,0.150894300862047,0.304013522367326
"Sockeye","WC","Fraser River","Stellako","sigma_npgo",0.0949331298499682,0.00955730317540442,0.0361299018318368,0.0720039048372602,0.127075414775415,0.317207569378278
"Sockeye","WC","Fraser River","Bowron","alpha",2.0450856330649,1.75462385579402,1.94049480709417,2.03962809913398,2.14749739172919,2.35556997792278
"Sockeye","WC","Fraser River","Bowron","beta",3.31229324810364e-05,2.4445076904933e-06,1.80568783590564e-05,3.09715111773176e-05,4.58133799556307e-05,7.69934131369848e-05
"Sockeye","WC","Fraser River","Bowron","rho",-0.00293801647848703,-0.0777910814329651,-0.0174212956530888,-0.0012649492094174,0.0126733991167163,0.0651742668284273
"Sockeye","WC","Fraser River","Bowron","sigma_oe",0.658899463532048,0.486439857927386,0.595257374250806,0.655815658008633,0.717291891963511,0.856254598036378
"Sockeye","WC","Fraser River","Bowron","sigma_pdo",0.142316871155295,0.0123928301620617,0.0660653099751857,0.122310082842574,0.193589297569919,0.396664410874135
"Sockeye","WC","Fraser River","Bowron","sigma_npgo",0.224701405676714,0.0189671951277932,0.0998351751558657,0.20371063114789,0.320515830664229,0.567687939627515
"Sockeye","WC","Fraser River","Raft","alpha",2.07967329335169,1.78214815832642,1.97349819025342,2.07642443973032,2.18153054006432,2.39078218392414
"Sockeye","WC","Fraser River","Raft","beta",5.1990836311588e-05,1.20995110064176e-05,3.70157485362295e-05,5.15651242435701e-05,6.63661886100922e-05,9.47605930800939e-05
"Sockeye","WC","Fraser River","Raft","rho",0.00738940242074201,-0.0529176645585119,-0.00649847381401104,0.00652802025789014,0.0205508279564036,0.0726519762359392
"Sockeye","WC","Fraser River","Raft","sigma_oe",0.654885425083945,0.491655611878309,0.595779458658938,0.651457240308994,0.711057244334089,0.832537350603624
"Sockeye","WC","Fraser River","Raft","sigma_pdo",0.118494015498493,0.00867020704188464,0.0477399372858585,0.0994583680649454,0.167060876512082,0.340410205795383
"Sockeye","WC","Fraser River","Raft","sigma_npgo",0.197066303094851,0.0171172485877992,0.0899193215778363,0.169763224726844,0.271101427489065,0.539648469036128
"Sockeye","WC","Fraser River","Quesnel","alpha",1.95089435278412,1.54688088036743,1.81511092609491,1.94933157331118,2.08886481383437,2.35710759126091
"Sockeye","WC","Fraser River","Quesnel","beta",7.32507580629623e-07,9.21917588798277e-08,4.70323925962625e-07,7.10837089809494e-07,9.73650732870988e-07,1.48612328860952e-06
"Sockeye","WC","Fraser River","Quesnel","rho",0.000920326960122788,-0.0887575925875949,-0.018357358574059,0.00155785404643372,0.0207408992547232,0.0865235133811623
"Sockeye","WC","Fraser River","Quesnel","sigma_oe",1.00234320340187,0.790502813440937,0.917253154708958,0.992610285401575,1.07765845701877,1.27225995415397
"Sockeye","WC","Fraser River","Quesnel","sigma_pdo",0.260447709853003,0.0297506380842907,0.13731703279242,0.235834419399873,0.353438605926079,0.650275206394289
"Sockeye","WC","Fraser River","Quesnel","sigma_npgo",0.159356845069848,0.0124870985686129,0.0621129786641709,0.127291877729927,0.219370459274545,0.496942409598375
"Sockeye","WC","Fraser River","Chilko","alpha",2.51428876277723,2.20042548917236,2.41027652568639,2.51627114482763,2.61935924939069,2.82727436188812
"Sockeye","WC","Fraser River","Chilko","beta",2.42844955786464e-06,1.32544986201304e-06,2.0623605935333e-06,2.43223535523136e-06,2.80312487722411e-06,3.50008994635776e-06
"Sockeye","WC","Fraser River","Chilko","rho",-0.00893999917609239,-0.0528784419057134,-0.0206262396067458,-0.00925895503544356,0.00211139097464894,0.0371936526881476
"Sockeye","WC","Fraser River","Chilko","sigma_oe",0.666600933323762,0.540920631341382,0.616414229356042,0.661550997946206,0.710412319701009,0.823585549898618
"Sockeye","WC","Fraser River","Chilko","sigma_pdo",0.094492797560617,0.00706604957490517,0.0384651610535383,0.0780687596602629,0.1319731555229,0.278641041853305
"Sockeye","WC","Fraser River","Chilko","sigma_npgo",0.118913585705942,0.00886679481794017,0.0498950684866673,0.0973039714333351,0.164513462494717,0.352356303747276
"Sockeye","WC","Fraser River","Seymour","alpha",2.0074877189277,1.70206986618834,1.90216671745739,2.00622977854754,2.11106229145243,2.32103914376552
"Sockeye","WC","Fraser River","Seymour","beta",6.09198138484556e-06,3.05180469559922e-07,2.72389961732993e-06,5.32682189258636e-06,8.66374985617992e-06,1.62008179734133e-05
"Sockeye","WC","Fraser River","Seymour","rho",0.00833280972950447,-0.0698643713415505,-0.00968230365381369,0.00787310155212555,0.0254520316061674,0.0894730346141358
"Sockeye","WC","Fraser River","Seymour","sigma_oe",0.727918113723185,0.559257031853821,0.661947456914731,0.721517172974257,0.786352176854082,0.934014547090535
"Sockeye","WC","Fraser River","Seymour","sigma_pdo",0.158722536133002,0.0146311344460453,0.0664405599401543,0.13024665300431,0.218692136425186,0.476755166209771
"Sockeye","WC","Fraser River","Seymour","sigma_npgo",0.207982085377605,0.0197268576785372,0.0960652868442285,0.180666717712319,0.293309057411999,0.54794499818678
"Sockeye","WC","Fraser River","L.Shuswap","alpha",1.8982522735159,1.61257251717343,1.80040845343795,1.89493824246331,1.99621891010406,2.19269422022378
"Sockeye","WC","Fraser River","L.Shuswap","beta",3.30880316844142e-07,4.82561127066812e-08,2.18003402044694e-07,3.25517585777861e-07,4.3418333910545e-07,6.61782825790901e-07
"Sockeye","WC","Fraser River","L.Shuswap","rho",0.0118748941769163,-0.0537956139955309,-0.00183635808120981,0.0129395209226206,0.0267167447987024,0.0713273210437592
"Sockeye","WC","Fraser River","L.Shuswap","sigma_oe",0.768441298353081,0.608414951223995,0.705991468740771,0.762450007021665,0.822632651043781,0.96602017750622
"Sockeye","WC","Fraser River","L.Shuswap","sigma_pdo",0.176043936455836,0.0132575732954617,0.0822932791419352,0.151559649039321,0.243283896584004,0.476804985597854
"Sockeye","WC","Fraser River","L.Shuswap","sigma_npgo",0.135705373990407,0.0124567552173228,0.0548087396202337,0.107994890568613,0.189884258559899,0.408276523854695
"Sockeye","WC","Fraser River","Birkenhead","alpha",2.41645680103917,2.0675522280115,2.29986307507421,2.41841091094621,2.53341443080398,2.75650266115805
"Sockeye","WC","Fraser River","Birkenhead","beta",6.2975775989527e-06,1.00643696949889e-06,4.21064111483009e-06,6.16671525271789e-06,8.22922076762455e-06,1.23923885414151e-05
"Sockeye","WC","Fraser River","Birkenhead","rho",-0.0199302555376334,-0.235327405015594,-0.0467298332639682,-0.00454949270796229,0.0176052361607548,0.141969936813986
"Sockeye","WC","Fraser River","Birkenhead","sigma_oe",0.518071953842759,0.294650530582461,0.42519286450305,0.507257541201809,0.598875229610608,0.805022344519853
"Sockeye","WC","Fraser River","Birkenhead","sigma_pdo",0.13157974214621,0.00682628361901069,0.0490064190764281,0.102696669021911,0.185132040228303,0.413225748025164
"Sockeye","WC","Fraser River","Birkenhead","sigma_npgo",0.771694332448191,0.352708060163801,0.627706531627992,0.767539017666809,0.908339195269901,1.21880322546466
"Sockeye","WC","Fraser River","Cultus","alpha",1.76810498465827,1.38681118513338,1.62982365312872,1.76297363459156,1.89765084037726,2.18358425960917
"Sockeye","WC","Fraser River","Cultus","beta",2.3235012183331e-05,1.19876197297509e-06,1.13138458123485e-05,2.11431267462014e-05,3.27078436991913e-05,5.7412040463254e-05
"Sockeye","WC","Fraser River","Cultus","rho",8.13968288547671e-05,-0.117778896163715,-0.0268775467484457,0.0021241143812561,0.0280399607479987,0.110876988118384
"Sockeye","WC","Fraser River","Cultus","sigma_oe",0.707840373796131,0.504953890081018,0.630128226586327,0.700621126042524,0.778076367348981,0.94646434344397
"Sockeye","WC","Fraser River","Cultus","sigma_pdo",0.275919806413998,0.0362899927044315,0.159357576950391,0.250495661201804,0.362657530765277,0.660470389232754
"Sockeye","WC","Fraser River","Cultus","sigma_npgo",0.302150873840911,0.0318438942698386,0.159663063936976,0.278374654354665,0.410987875254903,0.731391977960977
"Sockeye","WC","Fraser River","Portage","alpha",2.17832728432561,1.77048787145897,2.0399993493029,2.17197590178224,2.31884380224159,2.61004383528703
"Sockeye","WC","Fraser River","Portage","beta",4.86426924122147e-05,4.53720015559902e-06,2.93331765567988e-05,4.61711486676297e-05,6.58913230406634e-05,0.000106409176338555
"Sockeye","WC","Fraser River","Portage","rho",-0.00805751853704606,-0.0945955221527552,-0.0311258364618692,-0.00822372008939166,0.014327207535166,0.0796005208033924
"Sockeye","WC","Fraser River","Portage","sigma_oe",0.875188157532903,0.673939778438229,0.792088097575098,0.864325366861398,0.94403220763383,1.1442513205556
"Sockeye","WC","Fraser River","Portage","sigma_pdo",0.197765176377764,0.0175019909675222,0.0821560491852864,0.16077031304761,0.274015415657626,0.584048722512215
"Sockeye","WC","Fraser River","Portage","sigma_npgo",0.150978299813414,0.0168594279059511,0.0660747859716169,0.119393192723632,0.204276837884105,0.466057431942946
"Sockeye","WC","Fraser River","Weaver","alpha",2.47890010801618,2.12637729208729,2.34718223794314,2.46759038402941,2.60148257488188,2.8844285723382
"Sockeye","WC","Fraser River","Weaver","beta",5.68654937195529e-06,2.28160873836867e-07,2.23823217066823e-06,4.7235986404136e-06,8.1535975047943e-06,1.65256754693328e-05
"Sockeye","WC","Fraser River","Weaver","rho",-0.0143866120744108,-0.179839828995908,-0.0514148340279589,-0.0103808338315207,0.0244750590088559,0.138115000311981
"Sockeye","WC","Fraser River","Weaver","sigma_oe",0.546488577622485,0.328455858380242,0.45382967775487,0.534929900152705,0.626467158751535,0.82891765874084
"Sockeye","WC","Fraser River","Weaver","sigma_pdo",0.327916990754095,0.0256881559308073,0.141586908285381,0.283577652341953,0.464302906457371,0.882891996936372
"Sockeye","WC","Fraser River","Weaver","sigma_npgo",0.382322525292109,0.0732238207836347,0.249729393557378,0.363127483225108,0.494801360527733,0.788624705848071
"Sockeye","WC","Fraser River","Fennell","alpha",2.25162465992349,1.65549461969468,2.05523493532023,2.25807052656654,2.44443259427948,2.84996276577942
"Sockeye","WC","Fraser River","Fennell","beta",0.000114645166780081,2.56740011492118e-05,8.38988006237463e-05,0.00011279498674178,0.000144689913941188,0.000207587372742683
"Sockeye","WC","Fraser River","Fennell","rho",0.00117197414094702,-0.11586792879588,-0.0230237930889082,0.00171548430533015,0.0268012811765288,0.108610753696726
"Sockeye","WC","Fraser River","Fennell","sigma_oe",0.829802017451802,0.609479199773143,0.739703302602162,0.819300144860236,0.905789973564586,1.11859608261295
"Sockeye","WC","Fraser River","Fennell","sigma_pdo",0.21589855578588,0.020034152051311,0.0876921836706065,0.173719463522763,0.288133970100182,0.672275258043081
"Sockeye","WC","Fraser River","Fennell","sigma_npgo",0.188308680126231,0.0129462716077534,0.0637904797080398,0.14217661947223,0.268805784675498,0.608817737791567
"Sockeye","WC","Fraser River","Scotch","alpha",2.00358925738599,1.5523770156384,1.85487583007763,2.00414956209522,2.1529447016635,2.45413145797601
"Sockeye","WC","Fraser River","Scotch","beta",8.2134335143456e-06,6.24263218367197e-07,4.77095829104397e-06,7.81772736543626e-06,1.11687763377182e-05,1.84658874120663e-05
"Sockeye","WC","Fraser River","Scotch","rho",0.025806815128945,-0.164096000957434,-0.0138015494034487,0.028369672026322,0.0688257765563395,0.202953605312681
"Sockeye","WC","Fraser River","Scotch","sigma_oe",0.884596256209731,0.49066643640052,0.771870456818074,0.883714539335665,0.998345964329444,1.26901312368466
"Sockeye","WC","Fraser River","Scotch","sigma_pdo",0.318626081340638,0.025193273965713,0.133320979804308,0.265600286013082,0.442812216117872,0.930543727658096
"Sockeye","WC","Fraser River","Scotch","sigma_npgo",0.372479059766224,0.0263703837643345,0.137483046016981,0.294217538421446,0.536390114954653,1.10955862121211
"Sockeye","WC","Fraser River","Gates","alpha",2.46826456232868,2.03462186226584,2.31010002970612,2.46038579803772,2.61623322664209,2.94659843938382
"Sockeye","WC","Fraser River","Gates","beta",3.56116508977554e-05,1.90406799624098e-06,1.66037323334334e-05,3.17723955092829e-05,5.04265626068078e-05,9.18936422499123e-05
"Sockeye","WC","Fraser River","Gates","rho",-0.0116295128662286,-0.1650974033238,-0.0421979809105476,-0.00965120963332072,0.0209243563386756,0.130397881899685
"Sockeye","WC","Fraser River","Gates","sigma_oe",0.747872656493089,0.456413261362473,0.647320999717886,0.744528157471543,0.843297542380719,1.06266272166171
"Sockeye","WC","Fraser River","Gates","sigma_pdo",0.19684817751776,0.0176113329406426,0.0795595125752268,0.155638257968499,0.267890932531055,0.615413522934006
"Sockeye","WC","Fraser River","Gates","sigma_npgo",0.376384695586057,0.0366207883047187,0.174598143602453,0.331264284882694,0.527266308661742,0.97605548455055
"Sockeye","WC","Fraser River","Nadina","alpha",2.10125838724714,1.76441311527855,1.98765861156166,2.10079462199114,2.21324306307216,2.44325755434263
"Sockeye","WC","Fraser River","Nadina","beta",1.31903554584767e-05,6.82117163931097e-07,6.31940334240868e-06,1.19107460991749e-05,1.86061985179306e-05,3.37942304649247e-05
"Sockeye","WC","Fraser River","Nadina","rho",-0.0028879418807958,-0.139310767561149,-0.0329167824837787,-0.00471801071287527,0.0250609379783577,0.141860802511472
"Sockeye","WC","Fraser River","Nadina","sigma_oe",0.595414633818995,0.326086968498762,0.505432831433552,0.590602931997203,0.680037028723485,0.883264953110478
"Sockeye","WC","Fraser River","Nadina","sigma_pdo",0.162709072814102,0.0102485222632357,0.0601089880826607,0.123582053420221,0.224706577299684,0.528212077470874
"Sockeye","WC","Fraser River","Nadina","sigma_npgo",0.416211839110748,0.0663998241003899,0.259185288065618,0.391736957205594,0.546081651994905,0.907202907308294
"Sockeye","WC","Fraser River","Pitt","alpha",2.31728242549271,1.98269684430247,2.20105575507637,2.31574683499208,2.43238034931516,2.65336197069767
"Sockeye","WC","Fraser River","Pitt","beta",5.52051916896676e-05,3.83554314063773e-05,4.94955321223926e-05,5.51663706320006e-05,6.09541050351448e-05,7.22222898641828e-05
"Sockeye","WC","Fraser River","Pitt","rho",0.0131449873309399,-0.0382881632335319,0.00128571571472877,0.0133861611296012,0.0251045870256495,0.0631473254386104
"Sockeye","WC","Fraser River","Pitt","sigma_oe",0.689164677453021,0.546088470846056,0.634096351812318,0.68429751488367,0.739161989401862,0.859536929408586
"Sockeye","WC","Fraser River","Pitt","sigma_pdo",0.130857950826796,0.0176515958862667,0.0723826949396557,0.119156643071559,0.174589347901386,0.317553684198202
"Sockeye","WC","Fraser River","Pitt","sigma_npgo",0.147701626775731,0.014340438479409,0.0562062990900039,0.118229474956222,0.205711954742634,0.453401355390429
